new_id,ori_id,speaker,utterance
n_id.1,o_id.1,소위원장 신용현,의석을 정돈하여 주시기 바랍니다.
n_id.2,o_id.1,소위원장 신용현,성원이 되었으므로 제377회 국회(임시회) 제1차 여성가족위원회 법안심사소위원회를 개의하겠습니다.
n_id.3,o_id.1,소위원장 신용현,바쁘신 일정 가운데에서도 20대 국회의 유종의 미를 거두기 위해서 회의에 참석해 주신 여러 위원님들께 감사의 말씀을 드립니다.
n_id.4,o_id.1,소위원장 신용현,법안 심사를 위해 김희경 여성가족부차관과 관계 공무원이 참석하셨습니다.
n_id.5,o_id.1,소위원장 신용현,오늘 회의에서는 19건의 법률안과 1건의 청원을 상정해서 각 안건별로 수석전문위원의 설명과 정부 측 의견을 들은 후 위원님들의 질의와 답변을 거쳐 의결하는 방식으로 진행하도록 하겠습니다.
n_id.6,o_id.1,소위원장 신용현,배석하고 계신 분이 답변을 해 주시는 경우에는 원활한 회의 진행과 속기록 작성을 위해서 소속·직위·성명을 먼저 밝힌 후 답변하여 주시기 바랍니다. 
n_id.7,o_id.1,소위원장 신용현,의사일정에 들어가기 전에 먼저 안내말씀 드리겠습니다.
n_id.8,o_id.1,소위원장 신용현,효율적인 회의 진행을 위해서 언론인 여러분께서는 자리를 정리해 주시면 감사하겠습니다.
n_id.9,o_id.1,소위원장 신용현,"스케치가 웬만큼 됐으면, 지금 신보라 위원님 오셨는데 스케치가 끝나면 퇴장해 주시면 저희가 회의를 진행하겠습니다."
n_id.10,o_id.1,소위원장 신용현,감사합니다.
n_id.11,o_id.1,소위원장 신용현,그러면 의사일정에 들어가겠습니다.
n_id.12,o_id.2,소위원장 신용현,의사일정 제1항부터 제20항까지 가정폭력방지 및 피해자보호 등에 관한 법률 일부개정법률안 등 19건의 법률안과 1건의 청원을 일괄해서 상정합니다.
n_id.13,o_id.2,소위원장 신용현,심사 대상 안건의 명칭 및 순서는 배부해 드린 의사일정을 참고하여 주시기 바랍니다. 
n_id.14,o_id.2,소위원장 신용현,먼저 의사일정 제1항과 2항 2건의 가정폭력방지 및 피해자보호 등에 관한 법률 일부개정법률안에 대해서 수석전문위원께서 주요 내용을 설명해 주시기 바랍니다.
n_id.15,o_id.3,수석전문위원 차인순,수석전문위원입니다.
n_id.16,o_id.3,수석전문위원 차인순,심사자료 1번 1쪽을 보시겠습니다.
n_id.17,o_id.3,수석전문위원 차인순,주요 내용은 외국인보호시설의 입소대상자에 불법체류 외국인 피해자를 포함시켜 가정폭력 피해를 당하고 있는 외국인 이주여성의 인권 향상을 도모하려는 것입니다.
n_id.18,o_id.3,수석전문위원 차인순,검토보고의 요지는 폭력피해 이주여성의 인권 향상을 도모한다는 점에서 타당하다고 보았습니다. 다만 성폭력방지법과 성매매방지법의 경우에는 배우자가 대한민국 국민임을 전제로 하지 않고 있다는 점을 고려해서 모든 외국인 가정폭력 피해자를 입소대상자로 확대하는 것이 바람직하다고 보았습니다.
n_id.19,o_id.3,수석전문위원 차인순,따라서 2쪽의 수정의견을 보시면 이러한 내용을 반영하여 수정의견을 제시하였습니다. 
n_id.20,o_id.3,수석전문위원 차인순,이상입니다.
n_id.21,o_id.4,소위원장 신용현,2항도 같이 설명해 주시지요.
n_id.22,o_id.5,수석전문위원 차인순,심사자료 2번입니다.
n_id.23,o_id.5,수석전문위원 차인순,주요 내용은 가정폭력의 예방·방지와 피해자의 보호·지원을 위한 국가 등의 책무에 가정폭력을 목격하거나 피해를 당한 아동 등의 회복을 위한 상담·치료 프로그램 제공을 추가하려는 것입니다.
n_id.24,o_id.5,수석전문위원 차인순,검토의견은 특히 정신적으로 미성숙한 아동의 경우에는 반드시 치료와 상담이 필요하고 이를 국가와 지방자치단체의 책무에 명확히 규정할 필요가 있다고 보았습니다. 관련해서 2쪽의 수정의견과 같이 조문을 정비하였습니다.
n_id.25,o_id.5,수석전문위원 차인순,이상입니다.
n_id.26,o_id.6,소위원장 신용현,정부 측 의견 말씀해 주십시오. 
n_id.27,o_id.7,여성가족부차관 김희경,2건 모두 수정의견에 동의합니다.
n_id.28,o_id.8,소위원장 신용현,위원님들 의견 있으시면 말씀해 주십시오. 
n_id.29,o_id.9,송희경 위원,"제가 법안을 낸 건데요, 두 번째 것 보면."
n_id.30,o_id.9,송희경 위원,지금 배우자가 대한민국 국민이 아닌 전체로 확대하는 것에 정부가 수용하시는 것이지요?
n_id.31,o_id.10,여성가족부차관 김희경,"예, 맞습니다."
n_id.32,o_id.11,송희경 위원,저도 제가 낸 취지는 그냥 국민에 한했는데 더 포괄적이기 때문에 이 부분을 수용하고 통과되기를 바랍니다.
n_id.33,o_id.12,정춘숙 위원,이의 없습니다.
n_id.34,o_id.13,소위원장 신용현,다른 위원님들 이의 없으시지요?
n_id.35,o_id.14,표창원 위원,"예, 동의합니다."
n_id.36,o_id.15,김현아 위원,저는 질문이 하나 있습니다.
n_id.37,o_id.15,김현아 위원,이것을 외국인 전체로 했을 때 지금 외국인보호시설의 용량이라든가 인력들에 대해서 충원이나 이런 부분에 대한 수요가 더 필요하지는 않은 것입니까?
n_id.38,o_id.16,여성가족부차관 김희경,저희가 현재로는 다 수용 가능하다고 판단합니다만 수요를 봐서 필요하다면 예산을 더 확보해서 충원 가능하도록 하겠습니다.
n_id.39,o_id.17,김현아 위원,"지금 외국인보호시설이 중앙에 있나요, 아니면 지역으로 좀 분산되어 있는 건가요?"
n_id.40,o_id.18,여성가족부차관 김희경,지금 중앙·지방 다 있습니다.
n_id.41,o_id.19,김현아 위원,몇 개 있습니까?
n_id.42,o_id.20,여성가족부차관 김희경,"폭력피해 이주여성 상담소는 5개가 있고요, 수용시설은 전체 32개가 있습니다."
n_id.43,o_id.21,김현아 위원,전체 32개가 있고요. 이게 다 수용시설인 거예요?
n_id.44,o_id.22,여성가족부차관 김희경,생활시설.
n_id.45,o_id.23,김현아 위원,생활시설이요?
n_id.46,o_id.24,여성가족부차관 김희경,예.
n_id.47,o_id.25,김현아 위원,"그러면 아까 두 번째 안건이 지금 상담 프로그램을 제공하겠다고 법률에서 개정을 하고 있는데 이 부분은 지금의 인력 갖고 할 수 있는 것입니까, 아니면 별도의 사람과 비용이 투입되어야 되는 것입니까?"
n_id.48,o_id.26,여성가족부차관 김희경,현재 폭력피해 이주여성 상담소를 전국에 늘려 가고 있는 상황입니다.
n_id.49,o_id.27,김현아 위원,"아니, 그러니까 늘려 가고 있는데 오늘 여기 2항에 보면 전체적으로......"
n_id.50,o_id.28,표창원 위원,아동으로 확대합니다.
n_id.51,o_id.29,김현아 위원,"예, 확대하고."
n_id.52,o_id.29,김현아 위원,여러 가지 상담 프로그램 이런 것들을 지금 확대하는 걸로 되어 있지 않습니까? 
n_id.53,o_id.30,여성가족부차관 김희경,예.
n_id.54,o_id.30,여성가족부차관 김희경,아동 말씀하시는 것이지요?
n_id.55,o_id.31,소위원장 신용현,"예, 아동에 관한 것. 2항은 외국인은 아니고 아동에 관련된 것입니다. "
n_id.56,o_id.32,김현아 위원,"예, 알겠습니다."
n_id.57,o_id.33,소위원장 신용현,그러면 의결해도 되겠습니까?
n_id.58,o_id.33,소위원장 신용현,그러면 의결하도록 하겠습니다.
n_id.59,o_id.33,소위원장 신용현,의사일정 제1항 및 2항 2건의 가정폭력방지 및 피해자보호 등에 관한 법률 일부개정법률안은 본회의에 부의하지 아니하고 위원회 대안으로 의결하고자 하는데 이의 없으십니까?
n_id.60,o_id.33,소위원장 신용현,이의가 없으므로 가결되었음을 선포합니다.
n_id.61,o_id.33,소위원장 신용현,다음은 의사일정 제3항과 4항 2건의 가족친화 사회환경의 조성 촉진에 관한 법률 일부개정법률안에 대해서 수석전문위원님께서 주요 내용 설명해 주시기 바랍니다.
n_id.62,o_id.34,수석전문위원 차인순,심사자료 3번 1쪽입니다.
n_id.63,o_id.34,수석전문위원 차인순,주요 내용은 가족친화 사회환경 조성 기본계획이 수립된 경우 여성가족부장관은 지체 없이 상임위원회에 보고하고 공표하며 또 중앙행정기관과 지자체 장에게 알리도록 하는 내용입니다.
n_id.64,o_id.34,수석전문위원 차인순,이러한 내용은 바람직한 입법조치로 보았습니다. 다만 이미 공개가 되고 있는 점을 감안하여 수정의견과 같이 의견을 제시하였습니다. 
n_id.65,o_id.34,수석전문위원 차인순,심사자료 4번입니다.
n_id.66,o_id.34,수석전문위원 차인순,1쪽입니다.
n_id.67,o_id.34,수석전문위원 차인순,가족친화지원센터의 지정취소 기준을 법률에 명시하고 지정취소하려는 경우에 청문을 실시하도록 하려는 조항이고 기타 자구 수정 사항 등이 있습니다.
n_id.68,o_id.34,수석전문위원 차인순,국민의 권리와 의무에 변동을 가져오는 사항에 대하여는 법률에 규정하는 것이 타당한 입법조치로 판단이 됩니다.
n_id.69,o_id.34,수석전문위원 차인순,조문별로 간단히 짚겠습니다.
n_id.70,o_id.34,수석전문위원 차인순,2쪽입니다. 
n_id.71,o_id.34,수석전문위원 차인순,안 제10조에 대해서는 특별자치시장을 포함하는 안입니다.
n_id.72,o_id.34,수석전문위원 차인순,3쪽입니다.
n_id.73,o_id.34,수석전문위원 차인순,"안 제15조와 16조에 대해서는 '받고자 하는 자'를 '받으려는 자'로, '지정요건'을 '지정기준'으로 수정하려는 안입니다."
n_id.74,o_id.34,수석전문위원 차인순,4쪽입니다.
n_id.75,o_id.34,수석전문위원 차인순,자구 수정 차원에서 '가족친화지원센터'를 '1항에 따라 지정한 가족친화지원센터'로 수정하는 안입니다.
n_id.76,o_id.34,수석전문위원 차인순,안 4항에서는 바로 앞서 설명드린 지정취소 기준 상향 입법에 대해서 동법 시행령에 있는 지정취소 기준을 상향한 내용이므로 타당한 입법조치로 보입니다.
n_id.77,o_id.34,수석전문위원 차인순,5쪽에서는 제21조(청문) 조항에 바로 '가족친화지원센터의 지정취소' 조항을 포함하는 내용입니다.
n_id.78,o_id.34,수석전문위원 차인순,이상입니다.
n_id.79,o_id.35,소위원장 신용현,정부 측 의견 말씀해 주십시오.
n_id.80,o_id.36,여성가족부차관 김희경,2건 모두 동의합니다.
n_id.81,o_id.37,소위원장 신용현,위원님들 의견 말씀해 주십시오.
n_id.82,o_id.38,신보라 위원,가족친화지원센터는 지금 어디에 지정이 되어 있는 것이지요?
n_id.83,o_id.39,소위원장 신용현,배석하신 분이 말씀 주셔도 됩니다. 누구신지 말씀해 주시고 말씀......
n_id.84,o_id.40,여성가족부가족정책관 김권영,여성가족부 가족정책관 김권영입니다.
n_id.85,o_id.40,여성가족부가족정책관 김권영,지금 현재는 한가원에 지정돼 있습니다. 한국건강가정진흥원에 지정돼 있습니다.
n_id.86,o_id.41,신보라 위원,그러면 중앙에 있는 건강가정지원센터가 지금......
n_id.87,o_id.42,여성가족부가족정책관 김권영,"예, 가족친화지원센터입니다."
n_id.88,o_id.43,신보라 위원,가족친화지원센터 기능을 동시에 수행하고 있다는 것이지요?
n_id.89,o_id.44,여성가족부가족정책관 김권영,예.
n_id.90,o_id.45,신보라 위원,건강가정지원센터가 이런 걸로 지정되어 있는 게 몇 개 더 되지 않나요?
n_id.91,o_id.46,여성가족부가족정책관 김권영,"이게 현재는 중앙만 지정이, 지원이 된 걸로 알고 있습니다. "
n_id.92,o_id.47,신보라 위원,중앙만?
n_id.93,o_id.48,여성가족부가족정책관 김권영,예.
n_id.94,o_id.49,신보라 위원,알겠습니다.
n_id.95,o_id.50,소위원장 신용현,다른 의견 또 있으십니까?
n_id.96,o_id.51,정춘숙 위원,없습니다.
n_id.97,o_id.52,표창원 위원,수정안에 동의합니다.
n_id.98,o_id.53,송옥주 위원,그런데 여성가족부 의견을 들었어요?
n_id.99,o_id.54,표창원 위원,"예, 들었어요, 이견이 없다는 걸로."
n_id.100,o_id.55,소위원장 신용현,"예, 아까 들었습니다."
n_id.101,o_id.55,소위원장 신용현,너무 빨리 가고 있나요? 
n_id.102,o_id.55,소위원장 신용현,  (웃음소리)
n_id.103,o_id.55,소위원장 신용현,그러면 의결하도록 하겠습니다.
n_id.104,o_id.55,소위원장 신용현,의사일정 제3항 및 제4항 2건의 가족친화 사회환경의 조성 촉진에 관한 법률 일부개정법률안은 본회의에 부의하지 아니하고 위원회 대안으로 의결하고자 하는데 이의 없으십니까?
n_id.105,o_id.55,소위원장 신용현,이의가 없으므로 가결되었음을 선포합니다.
n_id.106,o_id.55,소위원장 신용현,다음은 의사일정 제5항부터 제13항까지 텔레그램을 통한 미성년자 대상 성범죄 처벌 강화 및 신상공개에 관한 청원과 8건의 아동·청소년의 성보호에 관한 법률 일부개정법률안에 대해 수석전문위원님께서 주요 내용을 설명해 주시기 바랍니다.
n_id.107,o_id.56,수석전문위원 차인순,1페이지입니다.
n_id.108,o_id.56,수석전문위원 차인순,일단 개요 먼저 간략하게 설명을 드리겠습니다.
n_id.109,o_id.57,정춘숙 위원,"죄송한데 전문위원님, 좀 더 크게 말씀해 주시겠습니까?"
n_id.110,o_id.58,수석전문위원 차인순,예.
n_id.111,o_id.58,수석전문위원 차인순,청원은 텔레그램을 통한 미성년자 대상 성범죄 처벌 강화와 신상공개에 관한 청원이고 이것은 10만 명 이상의 동의로 국회에 접수되었고 또 4월 16일 날 여가위에 회부됐습니다. 
n_id.112,o_id.58,수석전문위원 차인순,"8건의 개정안에 대해서 간략히 주요 내용을 말씀드리면 법정형 강화 그다음에 소지죄로 벌금형을 선고받은 경우에는 취업제한 적용, 포상금 규정 신설, 용어 변경, 전담기구 신설, 실태조사, 예비·음모죄 신설, 제명 변경이 있습니다."
n_id.113,o_id.58,수석전문위원 차인순,"다만 대상 아동·청소년 관련 조항 삭제 및 피해 아동·청소년의 정의 조정, 등록정보의 공개 범위 확대 등의 내용에 대해서는 4월 29일 본회의에서 이미 의결됨에 따라서 입법취지가 달성되었음을 말씀드립니다."
n_id.114,o_id.58,수석전문위원 차인순,2쪽입니다.
n_id.115,o_id.58,수석전문위원 차인순,신상공개에 관한 청원 등에 대한 검토의견을 말씀드리겠습니다.
n_id.116,o_id.58,수석전문위원 차인순,"동 청원은 디지털 성범죄 및 아동·청소년이용음란물죄의 법정형 강화, 신상 공개 등이 주요 내용이므로 말씀드린 8건의 개정안과 직접·간접적인 관련이 있는바 이에 해당하는 개정안 심사를 통해서 청원의 취지를 달성할 수 있을 것으로 보았습니다."
n_id.117,o_id.58,수석전문위원 차인순,3쪽입니다.
n_id.118,o_id.58,수석전문위원 차인순,안 제11조 아동·청소년이용음란물죄의 법정형 강화와 관련된 내용입니다. 8건의 개정안에 다양한 형량 강화 안이 제출되었습니다. 비교표를 먼저 참고하시면 되겠습니다.
n_id.119,o_id.58,수석전문위원 차인순,"또한 형량 강화뿐만 아니라 구입, 관람, 광고·소개 행위 등도 처벌규정에 새롭게 추가하려는 것입니다."
n_id.120,o_id.58,수석전문위원 차인순,4쪽입니다.
n_id.121,o_id.58,수석전문위원 차인순,검토의견을 말씀드리겠습니다.
n_id.122,o_id.58,수석전문위원 차인순,해당 범죄에 대한 하한 형량을 설정하고 벌금 규정을 삭제하는 등 전반적인 형량을 강화하는 개정안의 입법조치는 최근 n번방 사건과 같이 영리를 목적으로 하는 음란물의 확산이 심각한 사회문제로 대두되고 있다는 점을 고려할 때 형량의 상향을 입법정책적으로 결정할 사안으로 판단이 됩니다.
n_id.123,o_id.58,수석전문위원 차인순,"또한 구입, 관람, 광고·소개 행위 등을 처벌규정에 포함하는 안에 대해서도 처벌의 사각지대를 없애고 성범죄 예방 및 근절 효과를 제고하는 측면에서 바람직한 입법조치로 보입니다."
n_id.124,o_id.58,수석전문위원 차인순,"수정의견이 5페이지하고 6페이지에 제시되어 있는데요, 수정의견에 대해서 잠깐 설명을 드리면 일단 지난 성폭력처벌법의 개정을 고려해서 백혜련 의원안을 중심으로 해서 송희경 의원안, 정춘숙 의원안, 한정애 의원안을 반영하였습니다."
n_id.125,o_id.58,수석전문위원 차인순,다만 정부 의견과 다른 지점은 전문위원실 의견은 백혜련 의원안처럼 벌금형이 없는 안이 타당하다고 보았고 정부 의견은 벌금형이 있는 안이 타당하다고 보았습니다.
n_id.126,o_id.58,수석전문위원 차인순,"여기에 대해서 전문위원실의 의견은 일단 엄벌의 취지를 고려할 때 벌금형이 없는 강력한 법정형의 상향이 필요하다고 보고, 정부와 같이 할 경우에는 징역형이 몇 년 이상의 하한을 규정하고 있는데 벌금형은 몇천만 원 이하의 상한을 규정하고 있어서 이것의 어떤 불균형의 문제가 있고, 동시에 처벌법에서 이미 벌금형에 '5000만 원 이하의 벌금', '3000만 원 이하의 벌금'으로 규정하고 있는데 이것을 같은 벌금형으로 규정한다는 것은 문제가 좀 있다고 보았습니다."
n_id.127,o_id.58,수석전문위원 차인순,"그리고 추가로 뒤늦게 대법원 법원행정처에서 의견을 송부해 왔는데요, 잠깐 제가 그냥 구두보고 드리겠습니다."
n_id.128,o_id.58,수석전문위원 차인순,"대법원에서는 법정형의 종류와 범위의 선택은 입법정책적으로 결정할 사안입니다만 아동 음란물은 그 제작 과정에서 아동·청소년의 성적 자기결정권을 침해하는 학대행위가 발생하고 잠재적으로 아동·청소년을 대상으로 한 성범죄를 유발할 우려가 있어서 일반적인 음란물보다 그 죄질이 나쁘고 비난 가능성이 더 크다는 점을, 그런 헌법재판소의 결정 취지를 잘 고려해 주십사 하는 의견을 뒤늦게 보내왔음을 보고드립니다."
n_id.129,o_id.58,수석전문위원 차인순,"그래서 5쪽과 6쪽은 수정의견이 이렇게 안 11조로 구성이 되어 있고, 정부 측 수정의견은 정부 쪽의 설명을 지금 추가로 들으시면 될 것 같습니다."
n_id.130,o_id.58,수석전문위원 차인순,"일단 형량문제까지만, 끊겠습니다."
n_id.131,o_id.59,소위원장 신용현,형량문제까지 먼저 하는 것이 좋을 것 같습니다.
n_id.132,o_id.59,소위원장 신용현,정부 측 여기까지 의견을 좀 주시지요.
n_id.133,o_id.60,여성가족부차관 김희경,5쪽과 6쪽을 보시면 현재 전문위원 수정의견과 여성가족부 수정의견이 다른 것은 3항과 5항 2개 항목입니다. 관련해서 설명을 드리겠습니다.
n_id.134,o_id.60,여성가족부차관 김희경,"일단 법무부와 부처 간 협의를 할 때 수정 검토의 방향은 '징역의 상한선을 폐지하고 최저 형량을 설정한다. 그리고 광고·소개, 구입, 시청 행위를 추가한다. 그리고 벌금형을 유지하여 구형·판결의 양형 재량을 존중할 수 있도록 한다', 그리고 벌금형 유지를 해야 한다는 법무부의 의견 중에 또 하나는 그래야 타 범죄와의 처벌 강도에 균형과 비례성을 확보할 수 있다라는 것이었습니다."
n_id.135,o_id.60,여성가족부차관 김희경,"그래서 그런 부처 간 협의 결과로 현재 3항과 5항 같은 의견을 낸 것인데요, 위원님들이 입법정책적으로 판단해 주시면 그에 따르겠습니다."
n_id.136,o_id.61,소위원장 신용현,그러니까 여가부는 대법원의 의견을 듣기 전에 내신 의견이신 것이지요?
n_id.137,o_id.62,여성가족부차관 김희경,"예, 그렇습니다."
n_id.138,o_id.63,소위원장 신용현,지금 대법원의 의견을 받으셨는데도 여가부 의견의 주장을 계속하시는 건가요?
n_id.139,o_id.64,여성가족부차관 김희경,"아니요, 부처 간에 이렇게 협의를 했다는 것이고요. 대법원의 의견을 반영하여 결정해 주시면 그것대로 따르겠습니다."
n_id.140,o_id.65,소위원장 신용현,그러면 위원님들 말씀 좀 해 주시지요. 
n_id.141,o_id.66,송희경 위원,"지금 저희가 조금 논의해야 되는 것은 형량을 아동 부분이기 때문에 굉장히 강화해야 된다는 것에는 다 동의하지만 벌금형을 둘 것이냐 안 둘 것이냐잖아요. 그런데 정부 측 의견은 지금 제가 보기에도 다른 성폭력처벌법의 법정형 같은 것도 고려해야 되기 때문에 벌금형을 둬서 형평성을 두자 이런 의견으로 저는 들었는데, 지금 대법원에서 말씀하신 것을 수용하시겠다 그러면 벌금형을 없애도 괜찮으신가요? 그걸 수용하시겠습니까?"
n_id.142,o_id.67,여성가족부차관 김희경,"예, 그렇게 결정해 주시면 따르고 부처 협의를 더 추가로 진행하겠습니다."
n_id.143,o_id.68,송희경 위원,"이 부분은 아동 음란물에 대해서는 전 세계적으로 굉장히 완고한 그런 법 형량을 줘야 되지 않나 하는 것이기 때문에 벌금형에 대해서는 없애는 것도 맞는 것, 제 법안 취지도 그렇고...... 그렇습니다."
n_id.144,o_id.68,송희경 위원,정부가 수용하시겠다고 그러는데요. 다른 위원님들 말씀......
n_id.145,o_id.69,소위원장 신용현,"다른 위원님들, 어떻게 생각하시는지요?"
n_id.146,o_id.69,소위원장 신용현,정춘숙 위원님 말씀해 주시지요.
n_id.147,o_id.70,정춘숙 위원,맨날 하는 얘기가 다른 법과의 비례성 이런 얘기를 하는데 이것은 송희경 위원님도 말씀하셨지만 사실은 벌금형 가지고 이게 되겠냐라고 하는 일반적 의견이 있기 때문에 저도 벌금형을 제외하는 게 맞다고 생각합니다. 이미 대법원에서도 그런 의견을 줬고 아동 음란물 촬영하는 것 자체에 대한 어떤 성 착취적인 성격을 얘기하고 있기 때문에 벌금형을 제외하고 부처 협의를 다시 해서 법사위에서 그대로 통과시키는 게 맞다. 왜냐하면 국민들이 다 보고 계세요. 이 부분은 벌금형을 제외하는 게 맞다고 생각합니다.
n_id.148,o_id.70,정춘숙 위원,이상입니다.
n_id.149,o_id.71,소위원장 신용현,다른 위원님들 의견 동의하시나요?
n_id.150,o_id.71,소위원장 신용현,제가 보니까 벌금형 주장은 의원님들 중에서는 송희경 의원님하고 강창일 의원님이 내셨는데 송희경 위원님은 그때 아마 법무부 의견을 존중하셨던 것 같고.
n_id.151,o_id.72,송희경 위원,"예, 그렇습니다."
n_id.152,o_id.73,소위원장 신용현,그래서 송희경 위원님도 수석전문위원의 의견에 따르시는 것 같으니까요. 그러면 여기에 있는 전문위원 검토안대로 의결을 해도 되겠습니까? 
n_id.153,o_id.73,소위원장 신용현,그러면 여기까지......
n_id.154,o_id.74,신보라 위원,그런데 잠시만요.
n_id.155,o_id.75,소위원장 신용현,신보라 위원님.
n_id.156,o_id.76,신보라 위원,"전문위원님, 대법원 어디에서 의견을 주신 거라고 그랬지요?"
n_id.157,o_id.77,수석전문위원 차인순,대법원의 법원행정처에서 의견이 왔습니다.
n_id.158,o_id.78,신보라 위원,법원행정처에서요? 대법원의 법원행정처가 이런 의견을 가끔씩 이렇게 전달하고는 합니까?
n_id.159,o_id.79,수석전문위원 차인순,"예, 그렇습니다. 그런데 이번에는 특별히 저희가 공문으로 요청을 했고 거기에서 정식으로 공문으로 왔습니다."
n_id.160,o_id.80,소위원장 신용현,"그럼 여기까지는 논의가 정리된 것으로 하고, 그다음 마저 보고해 주십시오."
n_id.161,o_id.81,수석전문위원 차인순,16쪽입니다.
n_id.162,o_id.81,수석전문위원 차인순,"음란물 소지죄에 대한 취업제한 적용인데요, 지금 음란물 소지죄에 대한 벌금형이 삭제됐기 때문에 취업제한 적용에 대한 단서조항도 당연히 삭제되어야 되는 상황입니다."
n_id.163,o_id.81,수석전문위원 차인순,17쪽도 연달아 하겠습니다.
n_id.164,o_id.81,수석전문위원 차인순,"포상금 지급 근거를 신설하는 안인데요, 현재 한정애 의원안은 제11조 전체를, 정춘숙 의원안은 11조 중에서 1항과 2항과 제4항에 대해서만 포상금을 지급할 수 있는 근거를 신설하려는 내용입니다."
n_id.165,o_id.81,수석전문위원 차인순,검토의견을 말씀드리면 경각심을 높이고 신고율을 제고한다는 점에서 바람직한 취지로 보이나 단순 소지의 경우에 포상금 지급이 검색을 증가시킬 수 있다는 우려가 일각에서 있으므로 이 점을 고려하여 논의하시면 될 것 같습니다.
n_id.166,o_id.81,수석전문위원 차인순,여기까지만 먼저 하겠습니다.
n_id.167,o_id.82,소위원장 신용현,여기에 대한 정부 측 의견 주십시오.
n_id.168,o_id.83,여성가족부차관 김희경,"16쪽, 취업제한 적용에 대해서는 검토의견을 수용합니다."
n_id.169,o_id.83,여성가족부차관 김희경,"17쪽 관련해서 정부는 정춘숙 의원님 안을 수용한다는 입장입니다. 해당 범죄에 대한 경각심을 높이고 신고율을 제고하기 위해서 신고포상금제 도입이 필요한데요. 다만 피해자에 대한 2차 가해 우려가 있어서 제작과 관련된 제1항, 영리 목적 판매와 관련된 제2항, 알선과 관련된 제4항을 대상으로 포상금 도입이 필요하다고 생각합니다."
n_id.170,o_id.84,소위원장 신용현,위원님들 의견 주십시오.
n_id.171,o_id.84,소위원장 신용현,이것은 특별한 의견은 없으실 것 같은데요.
n_id.172,o_id.85,송옥주 위원,"예, 정부 측 의견에 동의합니다."
n_id.173,o_id.86,소위원장 신용현,"그러면 앞에는 여가부가 수용하신 것이었고, 그다음에 59조는 정춘숙 의원님 안으로 하는 것으로 정리하고 그다음으로 넘어가겠습니다."
n_id.174,o_id.87,수석전문위원 차인순,"18쪽, 용어 변경에 대한 사안입니다."
n_id.175,o_id.87,수석전문위원 차인순,"강창일 의원안은 19쪽에서 잘 드러나 있는데요 현행 '아동·청소년이용음란물'을 '아동·청소년성착취음란물'로 용어를 변경하자는 제안이고, 한정애 의원안은 '아동·청소년성착취물'로 변경하자는 제안이십니다."
n_id.176,o_id.87,수석전문위원 차인순,이에 대한 검토의견은 아동·청소년을 대상으로 하는 음란물은 그 자체로 성착취 및 학대를 의미하기 때문에 변경이 타당하다고 보았습니다.
n_id.177,o_id.87,수석전문위원 차인순,19쪽 상단입니다.
n_id.178,o_id.87,수석전문위원 차인순,"다만 '성착취'와 '음란'은 각각 보호법익이 달라 양립할 수 없고, '이용'이라는 의미가 더 다양하고 모호할 수 있기 때문에 한정애 의원안과 같이 '아동·청소년성착취물'로 수정하는 것이 바람직해 보이고, 그 밖에 강창일 의원안에서 성착취행위를 규정하는 안은 이미 성착취물 자체가 해당 행위를 했을 때 발생할 수 있는 정의 규정이기 때문에 성착취행위를 별도로 다시 규정하는 것은 불필요하다고 보았습니다."
n_id.179,o_id.87,수석전문위원 차인순,이상입니다.
n_id.180,o_id.88,소위원장 신용현,여가부 의견 주십시오.
n_id.181,o_id.89,여성가족부차관 김희경,검토의견에 동의합니다.
n_id.182,o_id.90,소위원장 신용현,위원님들 생각 말씀해 주십시오.
n_id.183,o_id.90,소위원장 신용현,동의하십니까?
n_id.184,o_id.91,표창원 위원,"예, 동의합니다."
n_id.185,o_id.92,소위원장 신용현,그러면 지금 한정애 의원님 안인 '아동·청소년성착취물'로 다 수정하면 앞에 있는 항목들에 대한 용어도 다 이렇게 바뀌는 것임을 다시 한번 확인을 해야 될 것 같습니다.
n_id.186,o_id.92,소위원장 신용현,다 동의하시는 거지요?
n_id.187,o_id.93,표창원 위원,여가부에서 한 번만 더 점검해 주셔서요 아동·청소년 관련해서 '음란'이라는 용어가 들어가는 또 다른 규정이 있는지......
n_id.188,o_id.94,여성가족부차관 김희경,"예, 점검하겠습니다."
n_id.189,o_id.95,송희경 위원,그리고 하나 더......
n_id.190,o_id.96,소위원장 신용현,예.
n_id.191,o_id.97,송희경 위원,"성착취물로 다 했을 경우에...... 저는 범위가 더 넓어질수록 좋다고는 생각하지만 혹여라도 그 범위를 넘어서는, 그러니까 어떤 피해자가 또 생기지 않도록 하는 가이드라인은 좀 철저해야 된다고 봅니다."
n_id.192,o_id.98,여성가족부차관 김희경,"예, 그렇게 하겠습니다."
n_id.193,o_id.99,송희경 위원,"그것을 다시 한번 정의를 내리시고, 가이드라인이 좀 필요하다는 의견을 드리고 싶습니다."
n_id.194,o_id.100,소위원장 신용현,송희경 위원님 의견을 여가부가 잘 반영해 주시면 좋겠습니다.
n_id.195,o_id.101,여성가족부차관 김희경,"예, 그렇게 하겠습니다."
n_id.196,o_id.102,소위원장 신용현,이제 뒤에 마지막까지 설명해 주시면 될 것 같습니다.
n_id.197,o_id.103,수석전문위원 차인순,"예, 23쪽부터는 한꺼번에 설명하도록 하겠습니다."
n_id.198,o_id.103,수석전문위원 차인순,전담기구 신설에 대한 안입니다.
n_id.199,o_id.103,수석전문위원 차인순,개정안은 아동·청소년이용음란물로부터 아동·청소년을 보호하고 성착취물 관련 범죄에 대한 수사를 지원하기 위해 유관기관과 전문가가 포함된 대책 전담기구를 둘 수 있는 근거를 신설하는 안입니다.
n_id.200,o_id.103,수석전문위원 차인순,검토의견은 현재 여가부 산하의 해바라기센터나 디지털성범죄피해자지원센터에서 수사 지원 업무가 아래 표와 같이 일부 진행되고 있음을 고려해서 그 중복성 여부를 한번 논의하셔야 될 것으로 보입니다.
n_id.201,o_id.103,수석전문위원 차인순,계속하겠습니다.
n_id.202,o_id.103,수석전문위원 차인순,24쪽입니다.
n_id.203,o_id.103,수석전문위원 차인순,실태조사 규정을 신설하고자 하는 안입니다.
n_id.204,o_id.103,수석전문위원 차인순,"검토의견은 이미 현행 53조에서 여성가족부장관으로 하여금 성범죄의 발생 추세와 동향, 그 밖에 필요한 사항을 연 2회 이상 공표하도록 하고 있기 때문에 필요하다면 실태에 대한 내용을 이 53조 안에 포함하는 방안도 생각해 보실 수 있다고 생각합니다."
n_id.205,o_id.103,수석전문위원 차인순,25쪽입니다.
n_id.206,o_id.103,수석전문위원 차인순,예비·음모죄 신설에 대한 내용입니다.
n_id.207,o_id.103,수석전문위원 차인순,검토의견은 이미 본회의에서 의결된 형법과 성폭력범죄의 처벌법에서 예비·음모죄가 규정이 되어 있는바 법적 통일성과 사각지대 해소를 위해서 동법에도 규정할 필요가 있어 보입니다.
n_id.208,o_id.103,수석전문위원 차인순,"26쪽, 제명 변경에 대한 건입니다."
n_id.209,o_id.103,수석전문위원 차인순,개정안은 현재의 제명을 '아동·청소년의 성보호 및 아동·청소년대상 성범죄 처벌에 관한 법률'로 변경하려는 내용입니다.
n_id.210,o_id.103,수석전문위원 차인순,검토의견은 현재의 제명이 이미 법의 궁극적인 목적을 담고 있는 만큼―법 제1조를 참고하시면 될 것 같습니다―개정 실익이 있는지에 대해서는 보다 충분한 논의가 필요할 것으로 보입니다.
n_id.211,o_id.103,수석전문위원 차인순,"27쪽의 대상아동·청소년 관련 조항의 삭제, 피해아동·청소년의 정의, 등록정보의 공개 범위 확대 등은 이미 입법의 취지가 달성됐다고 보아서 설명을 생략하도록 하겠습니다."
n_id.212,o_id.103,수석전문위원 차인순,이상입니다.
n_id.213,o_id.104,소위원장 신용현,정부 측 의견 주십시오.
n_id.214,o_id.105,여성가족부차관 김희경,"23쪽, 전담기구 신설과 관련해서는 검토의견과 같이 신중 검토의견입니다."
n_id.215,o_id.105,여성가족부차관 김희경,"24쪽, 실태조사와 관련해서는 검토의견과 같이 현재 실시하고 있으므로 마찬가지로 신중 검토의견입니다."
n_id.216,o_id.105,여성가족부차관 김희경,"25쪽, 예비·음모죄 신설과 관련해서는 검토의견과 마찬가지로 수용하는 입장입니다."
n_id.217,o_id.105,여성가족부차관 김희경,"26쪽, 제명 변경과 관련해서는 검토의견과 동일하게 신중 검토 입장입니다."
n_id.218,o_id.106,소위원장 신용현,위원님들 의견 주시지요.
n_id.219,o_id.106,소위원장 신용현,김현아 위원님.
n_id.220,o_id.107,김현아 위원,"지금 어쨌든 청소년이용음란물 대책 전담기구와 관련해서 여성가족부 의견이나 수석전문위원 검토의견은 신중하게 보자는 거지 않습니까, 기존 기구하고의 중복성 문제 때문에? 그런데 저는 여기서 저희가 속기록으로 남겼으면 좋겠는데, 지금 디지털성범죄지원센터가 저희가 매번 국감 할 때마다 굉장히 인력도 모자라고 예산도 모자라고 장비도 부족하고 그런 문제가 있어요. 그러면 저희가 거기에 대해서 근본적으로 확대해서 이것을 다 수용할 수 있다고 하는 것을 남기지 않고 중복성 때문에 못 한다라고 하면 아동·청소년 관련된 디지털 성범죄는 제가 봤을 때 영원히 사각지대로 남을 수 있을 것 같습니다. 그래서 반드시, 여기서 중복 우려가 있기 때문에 새로 신설은 필요하지는 않지만 기존 지원센터에 있어서의 인력이라든가 장비 보강에 대해서는 꼭 속기록에 남겨 주시기를 저는 당부드리고요."
n_id.221,o_id.107,김현아 위원,"그다음에 실태조사와 관련해서도 매번 저희 법 나올 때마다 언급되는 얘기인 것 같은데, 다 공표하고 있는데 왜 공표라는 것을 법에다가 계속 박게 하는 법안이 나오는지에 대해서 한번 저희는 궁극적으로 검토해 봐야 된다고 생각합니다."
n_id.222,o_id.107,김현아 위원,아무도 안 보는 거지요. 그리고 이게 있는 것을 소수의 전문가나 연구자가 아니면 모르는 겁니다. 그래서 저는 이 부분에 대해서 이번 참에 여가부가 홍보할 수 있는 방안을 검토해 주셨으면 좋겠어요.
n_id.223,o_id.107,김현아 위원,"지금 여가부 법뿐만 아니라 저희가 여러 부처의 법을 볼 때도 이미 공표되고 있는데 그것을 꼭 공표해 달라고 법에 못 박는 발의안들이 굉장히 많이 나오고 있습니다. 그래서 이것도 좀 그렇게 얘기를, 봐 주셨으면 좋겠고요."
n_id.224,o_id.107,김현아 위원,"이것은 제가 그냥 의문인데, 강간·강제추행 등의 예비·음모죄를 신설하는 건데 저는 필요하다고 봅니다만 이것을 어떻게 저희가 파악할 수 있지요, 예비나 음모죄? 제가 상상이 잘 안 가서 그렇습니다."
n_id.225,o_id.108,표창원 위원,"이번 텔레그램방 같은 경우에 그런 게 있었지요? 텔레그램 n번방에서 서로 예비·음모, 실행은 안 하는데 이 부분에 대해서 이제 처벌할 수 있도록......"
n_id.226,o_id.109,여성가족부차관 김희경,"예, 그렇습니다."
n_id.227,o_id.110,송희경 위원,그러니까 예비나 음모를 한 정황이 아니라 증거가 잡혔을 때 얘기인 거잖아요?
n_id.228,o_id.111,여성가족부차관 김희경,"예, 맞습니다."
n_id.229,o_id.112,정춘숙 위원,저도 의견......
n_id.230,o_id.113,소위원장 신용현,"예, 정춘숙 위원님 말씀하시지요."
n_id.231,o_id.114,정춘숙 위원,"지금 아동·청소년이용음란물 관련해서 실태조사를 53조 안에 포함시킬 수 있다 그렇게 얘기했잖아요, 여기?"
n_id.232,o_id.115,여성가족부차관 김희경,예.
n_id.233,o_id.116,정춘숙 위원,"그러니까 예를들면 이게 조사를 해서 연 2회 이상 공표하도록 하고 있다 이렇게 되어 있는데 이 부분이 약간 특정이 될 필요가 있습니다. 왜냐하면 조사라고 하는 것이 사실은 기본적으로 항목을 다 정하는 경우도 있지만 그렇지 않은 경우도 있고 그다음에 상황이 굉장히 달라지고, 관심사가 바뀌는 것에 따라서도 달라지기 때문에 이것은 여성가족부에서 지속적으로 이 항목을 넣어서 꼭 할 수 있도록 하는 게 되게 필요할 것 같습니다."
n_id.234,o_id.117,송희경 위원,저도 잠깐만......
n_id.235,o_id.118,소위원장 신용현,송희경 위원님 말씀하시지요.
n_id.236,o_id.119,송희경 위원,"오늘 여성가족부에서 내신 의견에 저도 동의합니다. 왜냐하면 지금 여러 위원님들이 말씀하셨지만 23페이지에 따로 기관을 설치하는 것보다는 기존 센터를 좀 강화하십시오. 강화하시고, 실태조사도 그렇고 모든 가이드라인도 있는 법 안에서 시행령으로 할 수 있는 것들이 너무 많습니다."
n_id.237,o_id.119,송희경 위원,그리고 또 여성가족부가 정부 입장에서 기존의 센터를 더 확보하고 거기를 더 다듬고 더 많은 예산을 지원하고 인력을 수용해서 더 많은 일을 할 경우에 국민들이 더 좋습니다. 왜냐하면 다른 센터 여러 군데 있으면 더 복잡해요. 제가 동의하고요.
n_id.238,o_id.119,송희경 위원,"그다음에 26페이지 제명도 저는 신중히 검토하고, 이 부분에 대해서는 충분한 공청회도 필요하다고 생각합니다. 이것을 법안 하나로 제명을 이렇게 바꾼다는 것은 더 많은 혼란을 일으킬 수 있기 때문에 저도 이것은 신중하게, 다음에 공청회나 이런 것들을 통해서 다시 한번 이것은 의논해 보는 것이 좋겠다는 생각을 말씀드립니다."
n_id.239,o_id.120,여성가족부차관 김희경,예.
n_id.240,o_id.120,여성가족부차관 김희경,"그리고 김현아 위원님 말씀하신 것처럼 전담기구 신설 필요성에 대해서 저희가 부정하는 것은 아니고요, 전담기구 신설이 위원님 말씀처럼 꼭 필요하다고 생각합니다. 다만 현재 있는 센터와의 중복성 때문에 이번에 신중 검토의견을 드리는 것이고."
n_id.241,o_id.120,여성가족부차관 김희경,이번에 발표한 대책에서도 저희가 전담기구를 대폭 강화하겠다는 내용을 포함시켰습니다. 그래서 진행해 가면서 중복을 해소해서 나중에 입법이 가능하도록 하겠습니다.
n_id.242,o_id.121,소위원장 신용현,지금 의견들은 많이 주신 것 같습니다.
n_id.243,o_id.121,소위원장 신용현,그럼 전담기구 신설하는 내용은 찬성하지만 김현아 위원님이나 송희경 위원님 또 정춘숙 위원님 말씀 주셨듯이 기존에 있었던 기구들이 그렇게 충분하게 작동을 못 하고 있거든요. 그것에 대한 불만이 있기 때문에 기구를 자꾸 만드는 것이 문제가 아니고 차제에 어떻게 해야 더 효과적으로 활동할 수 있는지 이런 것들에 대한 안을 잘 잡아 주셨으면 좋겠고요.
n_id.244,o_id.121,소위원장 신용현,"그다음에 실태조사에 관련된 것도 마찬가지입니다. 여러 위원님들께서 말씀 주셨듯이 이게 할 수는 있고, 이미 하고 있다 이렇게 얘기들을 많이 하시지만 실질적으로 위원들도 이런 것들이 있는지 없는지조차도 모른다 하는 것은 문제가 있고요. 그다음에 기존에 할 수 있는 것하고 관심을 두고 하는 것하고 다르기 때문에 여가부가 잘 챙겨 주셨으면 좋겠습니다."
n_id.245,o_id.121,소위원장 신용현,그다음에 제명에 대한 것은 아마 모든 위원님들이 지금 이렇게 그냥 갑자기 바꾸는 것보다는 좀 더 검토가 필요하다는 의견이신 것 같습니다.
n_id.246,o_id.121,소위원장 신용현,그러면 저희가 의견 통일이 된 것 같은데......
n_id.247,o_id.122,신보라 위원,제가 한 말씀만 딱 드리고요......
n_id.248,o_id.123,소위원장 신용현,신보라 위원님 해 주시지요.
n_id.249,o_id.124,신보라 위원,"실은 디지털 성범죄도 정말 너무 많은 문제들을 만들어 내고 있어서 우리가 피해자지원센터랄지 이런 해바라기센터라는 것들을 강화해 오기는 했는데, 실은 n번방 사건도 그렇고 디지털 쪽의 범죄는 굉장히 많이 증폭되고 있는 것에 비해서 그것과 관련한 국가의 관리, 수사 지원 체계는 그런 신종 범죄의 증가와는 달리 그렇게 확대되고 있는 것 같다는 느낌은 안 들어요."
n_id.250,o_id.124,신보라 위원,"예컨대 제가 환노위에 있으면서도 고용정보 같은 것들을 수집하고 이런 것을 하기 위해서 고용정보원이라는 것을 새로 신설하는 방향으로 가서 그런 내용들을 집대성하고 그 고용정보들의 축적을 토대로 고용보험이랄지 이런 것들을 데이터베이스화하는, 이런 것을 디지털화하는 데로 이제 변화해 왔다면 저는 이런 것도 센터와 원이 다르고 청이 다르고 한 것처럼 이 전담기구가 실은...... 지금 디지털성범죄피해자지원센터나 해바라기센터는 피해자 지원에 방점이 많이 맞춰져 있는 거지 수사와 관련돼서, 그러니까 아까 뒤의 예비랄지 음모죄 이런 것들을 그 단계에서 적발해 내려면 그런 디지털정보들을 시시각각 모니터링화하는 정도의 기구가 되어 있지 않는 이상 범죄가 발생하고 나서나 사후 대처를 하는 방식이 계속될 거거든요."
n_id.251,o_id.124,신보라 위원,"저는 전담기구와 관련한 논의를 부처에서 진행하실 때 디지털 성범죄, 디지털 음란물을 비롯해서 아동성착취 이 모든 것을 망라한 디지털범죄와 관련된 원 신설을 적극적으로 한번 논의해 보셨으면 좋겠어요. 그게 디지털범죄와 관련된 즉각적인 모니터링부터 시작해서 지금까지 발생됐던 디지털범죄들을 데이터베이스화하면 어떤 예상 범행과 관련한 행동이랄지 그런 것들을 저는 예측할 수도 있다고 생각하거든요. 그런 원 신설을 차라리 한번 검토해 보시는 건 어떨지, 좀 적극적으로 검토해 보셨으면 좋겠다는 생각이 듭니다."
n_id.252,o_id.125,여성가족부차관 김희경,"예, 위원님 말씀처럼 피해자 지원에 국한하지 않도록 하기 위해서 저희가 4월 달에 발표한 대책에 현재 있는 여성인권진흥원에도 사전모니터링팀을 만들어서 사전에 선제적으로 찾아내는 그 기능들도 강화하고 그리고 지금 서울·경기에만 있는데 전국에 그런 특화 상담소를 설치하는 안까지 포함을 했습니다."
n_id.253,o_id.125,여성가족부차관 김희경,"그런데 위원님 말씀처럼 원까지 가려면 현재는 경찰 사이버수사대 그리고 저희 부처의 피해자지원센터 또 방심위의 디지털성범죄지원단 이렇게 3개 부처로 나뉘어져 있어서 관계 부처 협의가 좀 필요한 상황이고요, 관계 부처와 의견을 조율해서 그런 방향으로 나아갈 수 있도록 협의하겠습니다."
n_id.254,o_id.126,신보라 위원,알겠습니다.
n_id.255,o_id.127,소위원장 신용현,"그럼 정리를 하면 신창현 의원님이 내신 전담기구 신설안에 대해서는 보류를 하는 것이고 그다음에 실태조사에 대해서도 보류하는 것이고 예비·음모죄 신설에 대한 것은 수용하는 것이고, 그렇지요? 그 뒤의 다른 것들은, 제명 변경하는 것도 보류하는 것이고 그 뒤에는 더 이상 논의할 필요가 없는 것이고, 그렇게 정리하면 되겠습니까?"
n_id.256,o_id.127,소위원장 신용현,그러면 그렇게 정리하도록 하겠습니다.
n_id.257,o_id.127,소위원장 신용현,"또 있나요, 뒤에?"
n_id.258,o_id.128,여성가족부차관 김희경,"하나 말씀드릴 게 이게 처벌을 규정하는 법인데요 성폭력처벌법 입법례가, 부칙이 '이 법은 공포한 날부터 시행한다'라고 되어 있습니다. 그래서 그 부분도 우리가 같이 동일하게 검토할 필요가 있어 보입니다."
n_id.259,o_id.129,소위원장 신용현,"전문위원님, 어떻게 하면 될까요?"
n_id.260,o_id.130,수석전문위원 차인순,통상 법률안에서는 6개월로 하고는 있지만 처벌형 같은 경우에는 공포 즉시 하는 것이 오히려 법적인 혼동을 피할 수 있을 것 같습니다.
n_id.261,o_id.131,소위원장 신용현,그러면 그 안에 대해서 위원님들 동의해 주시는 건가요?
n_id.262,o_id.132,신보라 위원,지금 우리가 논의한 안이 특별히 법사위에서 논란이 되거나 그럴 만한 내용은 없습니까? 지금 이것 20대 국회 마지막에 통과시키기 위해서는 또다시 2소위랄지 이런 데 넘겨지기보다는 즉각 통과를 할 수 있도록 하는 게 가장 현명할 것 같은데요.
n_id.263,o_id.133,여성가족부차관 김희경,현재로서는 법정형 상향 부분에서 벌금형을 유지해야 한다는 법무부 의견이 있어서 그 부분 협의가 추가로 필요합니다.
n_id.264,o_id.134,신보라 위원,사전 협의를 반드시 하셨으면 좋겠습니다.
n_id.265,o_id.135,여성가족부차관 김희경,"예, 그렇게 하겠습니다."
n_id.266,o_id.136,신보라 위원,이상입니다.
n_id.267,o_id.137,소위원장 신용현,그러면 의결하도록 하겠습니다.
n_id.268,o_id.137,소위원장 신용현,먼저 의사일정 제6항부터 제13항까지 8건의 아동·청소년의 성보호에 관한 법률 일부개정법률안은 본회의에 부의하지 아니하고 위원회 대안으로 의결하고자 하는데 이의 없으십니까?
n_id.269,o_id.137,소위원장 신용현,이의가 없으므로 가결되었음을 선포합니다.
n_id.270,o_id.137,소위원장 신용현,다음 의사일정 제5항 텔레그램을 통한 미성년자 대상 성범죄 처벌 강화 및 신상공개에 관한 청원은 동 청원의 취지가 방금 의결한 아동·청소년의 성보호에 관한 법률 일부개정법률안(대안)에 반영되었으므로 국회청원심사규칙 제12조에 따라 본회의에 부의하지 아니하고자 하는데 이의 없으십니까?
n_id.271,o_id.137,소위원장 신용현,이의가 없으므로 가결되었음을 선포합니다.
n_id.272,o_id.137,소위원장 신용현,다음은 의사일정 제14항 성폭력방지 및 피해자보호 등에 관한 법률 일부개정법률안에 대해 수석전문위원님께서 주요 내용을 설명해 주시기 바랍니다.
n_id.273,o_id.138,수석전문위원 차인순,14번 자료입니다.
n_id.274,o_id.138,수석전문위원 차인순,2쪽부터 직접 조문대비표로 들어가시겠습니다.
n_id.275,o_id.138,수석전문위원 차인순,안 제7조의3은 불법촬영물로 인한 피해자의 지원 조항 중에서 삭제 지원과 구상권 행사 업무를 한국여성인권진흥원에 위탁하려는 규정을 명시적으로 법률에 두려고 하는 내용입니다.
n_id.276,o_id.138,수석전문위원 차인순,"검토보고, 검토의견을 드리겠습니다."
n_id.277,o_id.138,수석전문위원 차인순,현재 인권진흥원이 수행하고 있는 업무의 연속성과 피해자의 권익 보호의 안정성을 확보하면서 구상권 행사를 통해서 진흥원이 업무 수행에 지출한 비용을 회수할 수 있다는 점에서 개정안은 바람직한 것으로 보았습니다.
n_id.278,o_id.138,수석전문위원 차인순,다음 쪽입니다.
n_id.279,o_id.138,수석전문위원 차인순,다만 행정권한의 위임·위탁은 법률에 의하여 권한을 부여받은 행정기관이 그 권한의 일부를 다른 행정기관 등에 맡기는 것임을 고려할 때 위탁기관을 '국가'가 아닌 '여성가족부장관'으로 명확히 하는 것이 필요하다고 보았습니다.
n_id.280,o_id.138,수석전문위원 차인순,4쪽은 같은 내용입니다. 조항의 번호가 다른 것은 개정안이 발의된 이후에 현행법이 한 번 더 개정되었기 때문에 그에 따른 것입니다.
n_id.281,o_id.138,수석전문위원 차인순,5쪽입니다.
n_id.282,o_id.138,수석전문위원 차인순,자료제공 요청에 대한 내용입니다.
n_id.283,o_id.138,수석전문위원 차인순,위탁을 인권진흥원에 할 경우에는 진흥원에도 당연히 그 자료를 요청할 수 있는 권한을 부여하고 이와 관련해서 비밀 누설의 금지 의무를 부과하면서 동시에 이것을 위반했을 때 벌칙을 부과하려는 개정안입니다.
n_id.284,o_id.138,수석전문위원 차인순,검토의견을 말씀드립니다.
n_id.285,o_id.138,수석전문위원 차인순,"삭제 지원과 구상권 행사 업무를 위탁할 경우에는 당연히 요청 권한을 부여하는 것은 바람직하다고 보았고, 다만 구상권을 행사하기 위해서는 범죄경력자료와 성폭력행위자의 개인정보가 필요한바 이를 요청할 수 있는 자료의 범위를 구체화하는 것이 바람직한 것으로 보았습니다."
n_id.286,o_id.138,수석전문위원 차인순,6쪽입니다.
n_id.287,o_id.138,수석전문위원 차인순,"형량과 관련해서는 약간 논의 지점은 있는데요, 일단 개정안은 이 구상권 관련 행사 업무를 하다가 비밀이 누설되지 않도록 규율하는 법률의 형량은 2년 이하의 징역, 500만 원 이하의 벌금에 처하고 있는데 현재 형의 실효 등에 관한 법률에서 보면 범죄경력자료를 용도 외로 사용할 경우에는 2년 이하의 징역, 2000만 원 이하의 벌금으로 규정을 하고 있고 또 그에 반해 성폭력 관련 법에서는 피해자의 어떤 비밀을 누설하게 될 경우에 이에 대한 규율을 2년 이하의 징역, 500만 원 이하의 벌금들로 규정하고 있어서 관련한 법률의 형량이 조금 다른 문제가 있습니다. 이 부분도 함께 논의해 주시면 될 것 같습니다."
n_id.288,o_id.138,수석전문위원 차인순,7쪽은 조문 정비 사항으로 입법례를 고려해서 '위탁받은 한국여성인권진흥원의 장'을 '위탁받은 자'로 간략히 문구를 수정하는 안입니다.
n_id.289,o_id.138,수석전문위원 차인순,이상입니다.
n_id.290,o_id.139,소위원장 신용현,정부 측 의견 주십시오.
n_id.291,o_id.140,여성가족부차관 김희경,수정의견에 동의합니다.
n_id.292,o_id.141,소위원장 신용현,위원님들 의견 주십시오.
n_id.293,o_id.142,정춘숙 위원,의견 있습니다.
n_id.294,o_id.142,정춘숙 위원,"지금 이게 삭제 지원과 관련해서 구상권 행사를 하는 것이지 않습니까? 그런데 처음에 저희가 이 개정안을 낼 때는 디지털 장의사들이 이로 인해서 굉장히 많은 수익을 낸다, 이런 부분들 때문에 그렇다고 한다면...... 가해자에게 구상권을 해서 돈을 회수하는, 가해자에게 더 징벌적 측면이 굉장히 많이 있었던 이런 부분인데, 장의사도 마찬가지고. 왜냐하면 장의사 쪽에서는 삭제했다가 다시 살리고 이런 일들이 있었기 때문에 이런 제안들을 했었는데, 지금 현장에서 의견이 나온 것은 일단 상황이 좀 변경이 되었다 이런 얘기예요. 그래서 장의사라고 하는 부분들이 많이 줄었던, 왜냐하면 국가가 많이 대행을 하고 삭제 지원센터에서 역할을 하고 이러면서 상황이 바뀐 것이지요. 그런 부분이 하나 있고."
n_id.295,o_id.142,정춘숙 위원,또 한 가지는 구상권 행사로 인해서 가해자의 재유포·협박 문제가 발생할 수 있지 않느냐 이런 현장의 문제 제기가 있었어요.
n_id.296,o_id.142,정춘숙 위원,"또 한 가지는 이 구상권 행사라고 하는 것이 과연 어떻게 진행이 될까 이런 것을 우리가 지금 생각을 해 보면 가정폭력 같은 경우도 의료비에 있어서 구상권 청구가 굉장히, 피해자들이 의료비 지원을 요청하는 데 굉장한 걸림돌이 되었거든요. 그래서 실효성이 없는데 이것을 굳이 해야 되는가, 이런 부분이 있습니다."
n_id.297,o_id.142,정춘숙 위원,"그리고 또 하나, 산정기준은 어떻게 할 것이냐라고 하는 이런 현장에서의 질의가 있어서 일단 상황 변경이 있다고 하는, 굉장히 큰 변화가 하나 있고요. 국가가 삭제 지원을 진행하면서 변화가 좀 있는 것이잖아요. 그래서 이것을 좀 검토해 볼 필요가 있습니다."
n_id.298,o_id.142,정춘숙 위원,"그러니까 이 구상권 청구로 인해서 피해자들이 재유포·협박을 당하거나 혹은 구상권 청구를 가해자에게 하는 것으로 인해서 혹시라도 삭제 지원이라든지 이런 것을 요청하는 데 걸림돌이 되거나 이런 가능성은 없는지를 좀 검토해 볼 필요가 있어요. 이미 여가부에도 전달이 되었을 것이니까 그것에 대한 답변을, 우리가 고민을 같이 하면서 이것을 어떻게 할 것인지를 정해야 될 필요가 있습니다."
n_id.299,o_id.142,정춘숙 위원,이상입니다.
n_id.300,o_id.143,송희경 위원,"제가 말씀을 드리려고 했는데, 미리 법안을 내신 분이 그렇게 말씀을......"
n_id.301,o_id.144,소위원장 신용현,"예, 정춘숙 의원님이 내셨어요."
n_id.302,o_id.145,송희경 위원,"워낙에 구상권이라고 하는 것은 굉장히 큰 문제예요. 충분히 구상권을 우리가 해도 될 만한 범죄행위이기 때문에 구상권을 해야 된다라는 그 근본 본질에 대해서는 동의하는 바인데 구상권이라고 하는 것이 말씀하셨지만 범위라든가 방법이라든가, 위탁기관도 사실은 문제가 좀 있어요."
n_id.303,o_id.145,송희경 위원,"그래서 이 부분은 먼저 말씀하셨으니까 조금 심도 있게 의논을 할 수 있도록 뭔가 여러 군데의, 피해자의 의견을 청취한다든가 이런 것을 좀 해서 심도 있게 하시지요, 너무 급하게 하시지 말고."
n_id.304,o_id.146,정춘숙 위원,"한 가지 더 말씀을 드리면 이미 지난번에 개정안을 통해서 이 구상권 조항이 들어왔어요. 그렇기 때문에 사실은 이 구상권 행사할 수 없다, 그래서 법적 미비다라고 우리가 언론에도 나고 이랬단 말이지요. 그러면서 디지털 장의사 문제가 대두되고 이래서 구상권 조항을 구체적으로 넣었는데 그 사이에 또 사정 변경이 있었던 것이지요."
n_id.305,o_id.146,정춘숙 위원,n번방 사건 이렇게 상황이 막 발생하면서 정부에서 이 일을 굉장히 적극적으로 대응하기 시작하면서 상황이 많이 변해서 저도 송희경 위원님 말씀처럼 상황 변경이 크게 있고 피해자 지원 단체 의견들이 있으니까 일단 이것은 이 상태로 보류를 하고 그다음에 더 의논을 해서 구체안들을 새롭게 마련할 필요가 있다고 생각을 합니다.
n_id.306,o_id.146,정춘숙 위원,물론 구상권 조항이 있는데 구체안이 마련되지 않았다 이런 비판은 계속 있을 건데 그렇다고 해서 피해자 지원 단체나 이런 곳의 의견을 그냥 무시하고 이것을 진행하는 것은 좀 문제가 있을 것 같아요. 한 번 만들면 없애기가 너무 어렵지 않습니까?
n_id.307,o_id.146,정춘숙 위원,이상입니다.
n_id.308,o_id.147,소위원장 신용현,"정춘숙 의원님께서 대표발의를 해 주신 법안인데, 정춘숙 위원님이 조금 더 심도 있게 논의를 하는 것이 좋겠다고 하시니 그러면 이번에는 의결하지 않고 더 심도 있게 논의하는 것으로 하고, 다음 21대 국회에서 꼭 해결해 주시기를 바라겠습니다."
n_id.309,o_id.148,김현아 위원,저는 질의가 있는데요.
n_id.310,o_id.149,소위원장 신용현,"예, 김현아 위원님."
n_id.311,o_id.150,김현아 위원,"지금 6페이지에 개인정보, 피해 사례에 대한 정보 누설에 대해서 수석전문위원의 의견은 지금 각 법마다 형의 기준이 다르다라고 얘기를 하고 있는데요, 여성가족부의 입장은 어떠십니까?"
n_id.312,o_id.151,여성가족부차관 김희경,저희는 형량과 관련된 검토는 현행 성폭력처벌법에도 관련 규정이 있어서 같이 고려해야 할 사항이라고 생각합니다.
n_id.313,o_id.152,김현아 위원,그런데 저는 이것을 보면서 성폭력범죄의 처벌 등에 관한 법의 사생활 또는 신원 비밀 누설에 관한 벌칙 조항이 너무 약하다는 생각이 들거든요. 심지어 범죄경력자료도 이렇게 2년 이하이고 2000만 원 이하의 벌금을 내는데...... 지금 성폭력과 관련된 것은 사실 2차 피해가 굉장히 크지 않습니까? 그리고 그 2차 피해 때문에 피해자가 자기 피해 사실을 드러내는 것에 대해서 여러 가지 어려움을 호소하고 있는데 저는 이것에 대한 여성가족부 입장이 만약에 현행 유지라고 한다면 조금 유감스럽다는 말씀을 드리고요.
n_id.314,o_id.152,김현아 위원,이게 다음에 논의될 때 저는 피해자의 신원과 사생활 비밀 누설과 관련된 처벌 조항은 반드시 강화되어야 된다는 생각이 듭니다.
n_id.315,o_id.153,여성가족부차관 김희경,"예, 위원님 말씀에 동의합니다. 저희도 필요하다고 생각하고요. 그런데 성폭력처벌법과 함께 검토하기 위해서 이번에는 신중 검토의견에 동의를 했습니다."
n_id.316,o_id.153,여성가족부차관 김희경,"그리고 위원님, 구상권과 관련해서는 위원님 말씀대로 따르겠습니다. 다만 삭제 지원과 관련해서 현재 인권진흥원이 삭제 지원 업무를 하고 있는데 삭제 지원 업무에 대한 명확한 규정이 법에 없기 때문에 삭제 지원을 한국여성인권진흥원에 위탁한다 이 규정만이라도 혹시 검토 가능하신지......"
n_id.317,o_id.154,정춘숙 위원,"그것은 제 생각은, 아까 앞에서 디지털 성범죄와 관련해서 삭제 지원하는 원을 만들어야 된다 이런 제안까지 있으셨잖아요?"
n_id.318,o_id.155,여성가족부차관 김희경,예.
n_id.319,o_id.156,정춘숙 위원,"지금 여성인권진흥원에 이 조항을 남기려고 하시는 이유는 알겠으나 그렇게 하기보다는 일단 그냥 지금 현재 상황으로 진행을 하고 이후에는, 지금 이 디지털 성범죄와 관련해서 국조실 포함해 가지고 여러 기관에서 협동으로 작업을 하는데 거기서 올해 정책 대안으로 좀 더 큰 범주가 필요하다고 생각을 합니다, 앞으로 향후를 봐서도. 그래서 그렇게 했으면 좋겠습니다."
n_id.320,o_id.157,여성가족부차관 김희경,"예, 알겠습니다."
n_id.321,o_id.158,소위원장 신용현,그것은 아까 송희경 위원님은 또 기관에 대해서도 이의를 제기하셨기 때문에 지금 그것만 따로 떼서 하기는 좀 어려울 것 같습니다.
n_id.322,o_id.159,여성가족부차관 김희경,예.
n_id.323,o_id.160,소위원장 신용현,그러면 의사일정 제14항 성폭력방지 및 피해자보호 등에 관한 법률 일부개정법률안은 심도 있는 논의를 더 하는 것으로 하겠습니다.
n_id.324,o_id.160,소위원장 신용현,그러면 다음 의사일정 제15항 및 16항 2건의 양육비 이행확보 및 지원에 관한 법률 일부개정법률안에 대해 수석전문위원께서 주요 내용을 설명해 주시기 바랍니다.
n_id.325,o_id.161,수석전문위원 차인순,심사자료 15번·16번입니다.
n_id.326,o_id.161,수석전문위원 차인순,"이 부분에 대해서는 세 번의 법안소위에서 심사를 잘 하셨고요, 그리고 이미 수정의견에 대해서도 축조심사를 끝낸 상황이십니다. 경찰청의 입장만 다시 한번 확인하시고 논의하시면 될 것 같습니다."
n_id.327,o_id.162,소위원장 신용현,오늘 이것에 대한 것이 마무리가 지어졌으면 좋겠습니다.
n_id.328,o_id.162,소위원장 신용현,정부 측 의견 주시지요.
n_id.329,o_id.163,여성가족부차관 김희경,저희는 면허 정지처분이 필요하다고 생각해서 경찰청과 여러 차례 협의를 진행하였으나 안타깝게도 경찰청과 부처가 합의를 이루지는 못했습니다. 그래서 오늘 위원님들이 입법정책적 판단으로 통과를 시켜 주시면 다음 법사위가 열리기 전까지 부처 협의를 위해서 최대한 더 노력하겠습니다.
n_id.330,o_id.164,소위원장 신용현,위원님들 의견 주시지요.
n_id.331,o_id.165,송희경 위원,우선 우리 여성가족부 노력하신 것에 대해서 제가 감사하다는 말씀을 드리고.
n_id.332,o_id.165,송희경 위원,"이게 마지막 법안소위인데, 이것을 저희가 네 번째 하지 않습니까? 이게 저희의 노력이 필요하다고 생각합니다. 우리가 언론이나 국민들을 향해서 어떤 법안을 통과시키는 것 자체가 경각심을 일으킬 수도 있고 또 이슈를 레이징 업(raising up)할 수도 있습니다. 그래서 우리 여성가족위원회가 마음을 합해서 이런 부분을 통과시켜서 일단 법사위까지 보내는 것이 저희 의무라고 생각합니다."
n_id.333,o_id.165,송희경 위원,그래서 이번에 위원님들도 이렇게 같이 합의를 해 주시면 법사위에서 많은 것들을 협의할 수 있고 또 마지막에 안 된다 하더라도 이것이 얼마나 필요한 것인지에 대해서 국민들에게 알려야 한다고 생각하기 때문에 위원님들도 다 같이 통과시켜 주셨으면 좋겠습니다.
n_id.334,o_id.166,표창원 위원,저도 같은 의견이고요.
n_id.335,o_id.166,표창원 위원,경찰청 입장에서는 어쨌든 교통과 관련성이 전혀 없는 사유로 면허 정지를 결부시키는 것에 대해서 원칙적 반대는 바뀌기 어렵다고 생각을 합니다. 그 부분을 충분히 저희가 세 번까지 회의를 하면서 노력을 했기 때문에 그 경찰청 의견은 그대로 남겨 두도록 하고.
n_id.336,o_id.166,표창원 위원,"우리 여가부 입장에서는 양육비 미지급 문제는 정말 심각한 사안이고, 그 피해 가족에게는 생계 문제까지도 직결되는 사안이기 때문에 이번에 우리가 국회에서 입법부적 차원에서의 정치적 결정으로 이 부분은 통과를 시키는 것이 바람직하다고 생각을 하고요. 법사위에서 추가적으로 경찰청의 의견이 또 제시가 될 텐데 여가부에서 적극적으로 대처해 주시기를 부탁드리겠습니다."
n_id.337,o_id.167,여성가족부차관 김희경,"예, 그렇게 하겠습니다."
n_id.338,o_id.168,정춘숙 위원,저도 한 말씀 드리겠습니다.
n_id.339,o_id.168,정춘숙 위원,"지금 양육비 관련해서는 저희가 정말 네 번째 얘기를 하는 것이고, 경찰청이 이렇게 의견을 바꾸지 않는 것은 매우 유감스럽습니다."
n_id.340,o_id.168,정춘숙 위원,"법사위에서도 어떤 위원님들은 여가위에서 가져오는 법들이 기존의 체계랑 맞지 않는다, 이런 얘기를 제가 들었는데 저는 당연하다고 생각합니다. 왜냐하면 그동안에 여성이나 아동이 어떤 법적 권리의 주체가 되지 못한 경우가 대부분이었기 때문에 이제는 그 법적 권리의 주체가 달라지는 측면에서 우리가 보지 못했던 혹은 생각하지 못했던 부분들이 나타날 수밖에 없고 오히려 그것은 법적 상상력이 굉장히 필요한, 변화하는 사회에 조응하기 위해서라도 새로운 이런 패러다임의 전환이 있어야 된다고 봅니다."
n_id.341,o_id.168,정춘숙 위원,그런 측면에서도 또 이것이 입법정책적인 측면이라고 보았을 때 저도 송희경 위원님이랑 같은 생각이에요. 법을 통과시키고 법사위도 저도 설득할 것이고.
n_id.342,o_id.168,정춘숙 위원,그다음에 그런 부분에서 또 하나는 피해자들의 피해 내용이 너무 처절하잖아요. 굉장히 가슴이 답답한 일이 많이 있기 때문에 오히려 우리 여가위에서는 통과시키고 법사위와 나머지 부분들을 설득하는 것이 우리가 할 일이라고 생각합니다.
n_id.343,o_id.168,정춘숙 위원,이상입니다.
n_id.344,o_id.169,소위원장 신용현,"위원님들 다른 의견 없으시면...... 아마 위원님들 의견이 통일된 것 같습니다. 저희 여가위 입장에서는 충분히 논의를 했고 많이 양보할, 대상도 좀 조정을 했고요. 그래서 이번 20대 국회 마지막까지 이것을 법사위에 안 넘길 수는 없을 것 같습니다."
n_id.345,o_id.169,소위원장 신용현,그러면 의결하도록 하겠습니다.
n_id.346,o_id.169,소위원장 신용현,의사일정 제15항 및 16항 이 2건의 양육비 이행확보 및 지원에 관한 법률 일부개정법률안은 본회의에 부의하지 아니하고 위원회 대안으로 의결하고자 하는데 이의 없으십니까?
n_id.347,o_id.169,소위원장 신용현,이의가 없으므로 가결되었음을 선포합니다.
n_id.348,o_id.169,소위원장 신용현,다음은 의사일정 제17항부터 제20항까지 일제하 일본군위안부 피해자에 대한 보호·지원 및 기념사업 등에 관한 법률 일부개정법률안 등 4건의 법률안에 대해 수석전문위원님께서 내용을 설명해 주시기 바랍니다.
n_id.349,o_id.170,수석전문위원 차인순,먼저 심사자료 17·18·19번입니다.
n_id.350,o_id.170,수석전문위원 차인순,1쪽을 보시겠습니다.
n_id.351,o_id.170,수석전문위원 차인순,일단 남인순 의원안 1번과 2번은 한 번 축조심사를 거친 안입니다. 그래서 축조심사의 결과는 2쪽에 나와 있습니다.
n_id.352,o_id.170,수석전문위원 차인순,의료비 지원에 대해서 조항을 수정하자는 의견은 이견이 있으셨습니다. 그래서 합의를 보지는 못하셨고요. 실태조사와 관련된 의견은 모두 동의가 있으셨습니다. 기관 문제도 조금 더 논의하시기로 하셨습니다.
n_id.353,o_id.170,수석전문위원 차인순,현재 정춘숙 의원안은 바로 소위로 회부된 상태 이후로 한 번도 논의를 하지 않으셨기 때문에 정춘숙 의원안을 축조심사하시면 되겠습니다.
n_id.354,o_id.170,수석전문위원 차인순,6쪽입니다.
n_id.355,o_id.170,수석전문위원 차인순,"현재 조사와 연구를 위한 특수법인을 설립하자는 제안이신데요, 정춘숙 의원안은 조사와 연구·교육·전시를 위해서 여성인권평화재단을 설립하자는 제안이십니다."
n_id.356,o_id.170,수석전문위원 차인순,"7쪽에 보시면 이 재단이 하려고 하는 사업의 내용과 목적은 조사·연구, 발굴·수집·정리·보존·관리, 교육·홍보, 국내외 교류, 분쟁과 관련된 연구·조사 등을 포함하고 있고요."
n_id.357,o_id.170,수석전문위원 차인순,8쪽입니다.
n_id.358,o_id.170,수석전문위원 차인순,다른 항의 내용은 남인순 의원안과 대동소이합니다마는 제7항을 보시면 자발적으로 기탁되는 기부금품을 받을 수 있도록 신설하고 계시고요.
n_id.359,o_id.170,수석전문위원 차인순,9쪽에 보시면 재단은 국가기관 등으로부터 자료의 제공을 요청할 수 있는 규정을 두고 있습니다.
n_id.360,o_id.170,수석전문위원 차인순,여기까지는 별다른 문제가 없는 것으로 판단이 됩니다.
n_id.361,o_id.170,수석전문위원 차인순,"10쪽을 보시면, 다만 국공유재산 무상 대여하는 안에 대해서는 정춘숙 의원안은 현재 1항과 별개로 재단이 관련된 사업에 대해서 국공유재산을 무상으로 대여하고 양여할 수 있는 제안을 하고 계신데요. 이 부분에 대해서는 근본적으로 특수법인의 활동을 위해서 이러한 규정을 두는 것은 취지는 바람직하나 1항이 현재 존치하고 있고."
n_id.362,o_id.170,수석전문위원 차인순,현재 제11조제1항 1호는 뒤에 11페이지에 조문 자료가 있습니다.
n_id.363,o_id.170,수석전문위원 차인순,"현재의 무상 대여 규정은 11조 제1항 1호인 기념사업에 대해서만 무상 대여를 할 수 있는데요. 이 경우에 이것을 만약에 다른 항목까지 다 넓힌다면, 11조 전체로 넓힌다면 별도의 항을 설치하지 않으셔도 괜찮고요."
n_id.364,o_id.170,수석전문위원 차인순,"양여와 관련돼서는 지금 행안부가 조금 부정적인 의견을 갖고 있습니다. 지자체에 부담이 될 수 있다, 그래서 그 부분에 대해서는 신중 검토의견이 있기 때문에 13조 제1항과 같이 수정의견을 제시했습니다."
n_id.365,o_id.170,수석전문위원 차인순,이상입니다.
n_id.366,o_id.171,소위원장 신용현,정부 측 의견 주십시오.
n_id.367,o_id.172,여성가족부차관 김희경,"6쪽, 특수법인 설립과 관련해서는 정춘숙 의원안을 수용하는 의견입니다. 그 이유는 기관의 비전과 목표를 보다 명확하게 하기 위해서 명칭을 여성인권평화재단으로 하는 것이 바람직하고 그에 따른 사업 내용, 국가의 출연 근거, 관계기관에 대한 자료제공 요청, 기부금의 접수 근거 내용 등이 추가 포함되는 것이 바람직하기 때문입니다. 다만 재정당국과 협의가 필요한 상황입니다."
n_id.368,o_id.172,여성가족부차관 김희경,그리고 10쪽의 무상 대여와 관련해서는 수정의견에 동의합니다.
n_id.369,o_id.173,소위원장 신용현,위원님들 의견 주시지요.
n_id.370,o_id.173,소위원장 신용현,"이게 보니까 기재부하고가 조금 반대에 있는 것 같기는 한데요, 일단......"
n_id.371,o_id.174,표창원 위원,오늘 기재부 오셨나요?
n_id.372,o_id.175,여성가족부차관 김희경,아니요. 기재부 안 왔어요.
n_id.373,o_id.176,표창원 위원,안 오셨어요?
n_id.374,o_id.177,수석전문위원 차인순,출석 요청 안 했습니다. 
n_id.375,o_id.178,소위원장 신용현,송희경 위원님 말씀......
n_id.376,o_id.179,송희경 위원,"제가 먼저 말씀 좀 드려야 될 것 같은데, 이게 본질이지요. 우리 위안부 피해자 할머니들에 대한 지원을 후손들이 해야 한다라는 본질은 이게 10년이 가고 100년이 가도 후손들이 해야 할 일이라는 것은 분명합니다."
n_id.377,o_id.179,송희경 위원,"제가 여가위에 4년 동안 있으면서, 또 전 정권에서도 어떤 논의가 있었을 것이겠지요. 그런데 항상 본질적인 위안부 피해자 할머니들에 대한 지원 문제보다는 그것을 어떻게 할 것이냐, 어떤 센터가 할 것이냐, 화해·치유재단이 그렇게 없어지는 걸 봤고 또 그런 것을 접하면서 본질적인 문제를 빗겨가는 국회가 참 창피했습니다."
n_id.378,o_id.179,송희경 위원,"지금 여러 가지 문제가 있는데, 저는 본질적으로 동의를 하지만 지금 새로운 이걸 두면 이게 여성가족부 산하에 또 다시 두겠다는 것인지? 그러니까 여성인권진흥원이 있고 또 이건 여성인권...... 뭔가요? 평화......"
n_id.379,o_id.180,여성가족부차관 김희경,재단......
n_id.380,o_id.181,송희경 위원,"평화재단이라는 게 있는데 이게 연구목적인지 아니면 적극적으로 생활안정을 해 주는 그런 재단형인지에 관한 문제 그다음에 여성가족부장관, 여성가족부 산하에 있는 기관인지 이런 것에 대한 내용이 우리가 뭔가 좀 더 있어야 될 것 같은데 여성가족부 입장에서는 지금 어떻게 하시려고 하는 것입니까, 이게 만약에 된다면? 수용하셨으니까."
n_id.381,o_id.182,여성가족부차관 김희경,"저희는 여성인권진흥원과 별개의, 별도의 특수법인으로 설립하자는 의견이고요. 연구만 하는 것이 아니라 각종 기념사업, 후세대 교육 그리고 분쟁·갈등 지역의 성폭력 문제 그리고 국내외 단체·기관 간 교류 등을 다 아울러서 수행하는 그러한 독립적인 기관이라고 상정하고 있습니다. "
n_id.382,o_id.183,소위원장 신용현,정춘숙 위원님이 말씀을 좀 해 주시지요.
n_id.383,o_id.184,정춘숙 위원,"지금 일본군위안부 피해자와 관련해서 저희가 연구 그리고 홍보 또 교육 이러한 것을 총체적으로 할 수 있는 기관이 굉장히 필요합니다. 그것은 지난번에 일본군위안부연구소가 여성인권진흥원 안에 만들어져서 그 범주도 매우 작고 그다음에 지속성이라든지 이런 측면에서 굉장히 문제가 많아서 결국은 소장님만 그만두시고, 이런 일이 있었잖아요? 그런데 일본군위안부 피해자와 관련돼서는 연구하는 것이 대한민국의 수준뿐만 아니라 전시하에 여성에 대한 성폭력 문제 또 여성 폭력 문제 이런 것이 이미 국제사회에 굉장히 중심적인 과제가 되어 있기 때문에 저는 이 재단이 꼭 필요하다고 생각을 합니다."
n_id.384,o_id.184,정춘숙 위원,"그리고 독립적인 재단으로서 역사성과 그다음에 내용을 갖춘, 또 세계적인 여성 인권의 어떤 모델이 되는 그런 기관이 반드시 필요하다고 생각해서...... 기재부가 반대하는 것은 알겠어요. 그것은 돈 문제도 있고 여러 가지가 있는데 그렇다 하더라도 우리 위원회에서 이걸 통과시켜서 기재부하고 오히려 얘기할 수 있는 그런 근거를 마련하는 것이 좋다라는 게 제 생각이기는 하고요."
n_id.385,o_id.184,정춘숙 위원,"이것이 그동안 논의가 됐었는데 계속 못 해 가지고 지금까지 왔는데 이렇게 되면 근거 없이 계속 아주 작게 하거나 아니면 관심 있는 사람 있으면 하다가 또 이게 충돌이 나면 못 하거나 이러한 문제가 계속돼서 제 생각에는 일단은 이 수정안대로 통과하는 것에 동의하고, 수정안대로 통과하고 그러면서 더 얘기할 수 있는 기본을 만들어야 하지 않겠나 이런 생각을 갖고 있습니다."
n_id.386,o_id.185,소위원장 신용현,김현아 위원님 말씀해 주시지요.
n_id.387,o_id.186,김현아 위원,저는 생각이 조금 다른데요. 이것에 대한 필요성 그다음에 이곳에서 하려고 하는 취지에 대해서는 100% 공감합니다. 그런데 저는 제가 경험한 여성가족부에서 이 일을 할 수 있을까라고 하는 데에서 약간 의구심을 갖고 있습니다. 그래서 이 재단을 여성가족부 내에서의 특별 재단으로 만드는 것은 저는 조금 더 심도 있는 논의가 필요하다고 생각됩니다.
n_id.388,o_id.186,김현아 위원,"양육비 이행과 관련해서 저희가 그 많은 시간을 토론하고 했지만 결국 여가부 스스로 부처 간 협의를 이뤄내지 못했습니다. 그래서 오늘 저희가 정치적인 행위로 위원회 대안으로 통과시키는 건데요. 저희 여성가족부 안에서 논의되는 모든 안건들을 이런 식으로, 뻔히 되지 않고 다른 부처에서 반대하는 것을 논의의 어떤 장으로 끌어내기 위해서 우리가 그냥 여기서 통과시키는 것은 저는 바람직하지 않다고 봅니다. "
n_id.389,o_id.186,김현아 위원,"그리고 제가 짧게 이 법안을 보면서 느낀 건 뭐냐 하면 대부분의 안에 연구나 조사, 기리는 그런 것에 대해서는 기재부가 크게 문제 제기하는 것 같지 않습니다. 그런데 무상 양여와 관련된 대부분의 내용들은 이 재단을 통해서 하려고 하는 어떤 사업과 관련된 내용입니다. 저희가 이 사업을 위해서 이 재단을 만드는 건 아니지 않습니까? 그렇다라고 보면 사실은 우리가 조금 근본적으로 논의해야 되는 부분에 대해서는 저는 꼭 여성가족부가 아니라 오히려 총리실 산하로 해서 이런 재단을 좀 만들어서 교육의 문제와 또 국가 간의 인권의 문제와 교류에서 좀 격상시키자는 논의가 더 필요하다라고 보고."
n_id.390,o_id.186,김현아 위원,"지금 이렇게 어떤 사업 위주의 내용들을 다른 부처에서 반대하고 있고 이 안에서도 이론이 있는데, 저희가 이것을 여기서 그냥 논의의 장으로 끌어올리고자 하는 것은 사실은 임기가 얼마 남지 않은 20대 국회에서 마지막으로 숙제 털어내기라는 그런 제 양심의 가책도 있기 때문에 저는 이게 정말 필요하다면 사실은 다음 21대 국회에서...... 제가 좀 말씀드리고 싶은 것은 여성가족부가 아니라 조금 더 격상된 지위에서 이런 재단에 대한 설립 그다음에 사업 위주라기보다는, 물론 어떤 단체를 만들어서 사업을 하려고 하는 이유에 대해서는 알고 있습니다. 그 재단이 뭔가 계속 굴러가고 활동을 알리기 위해서는 사업이 불가피하게 필요할 것이라고는 생각이 됩니다만 그래도 저는 이 위안부 문제와 관련된 것이 너무 사업 위주로 비춰지는 것에 대해서는 조금 더 재검토가 필요하다는 게 제 의견입니다."
n_id.391,o_id.187,여성가족부차관 김희경,"위원님, 양여와 관련해서는 아까 양여를 배제하기로 한 검토의견에 저희가 동의한 바가 있고요. 그리고 여성가족부 산하에 두는 것이 맞느냐에 대해서는 저희 부가 단독적으로 결정한 의견이 아니라 저희가 여성인권평화재단 추진 자문위원회를 만들어서 관련 활동들을 해 온 시민단체, 학계, 현장 전문가들의 의견들을 다 수렴한 결과입니다."
n_id.392,o_id.188,소위원장 신용현,"이게 논의가 처음은 아니지만 한 2년 전에 하고 다시 해서 논의가 좀 있을 것 같은데 제 생각은, 저도 사실은 위안부 문제가 20대 국회 개원하자마자 약간 정치적인 이슈로 올라온 것 때문에 이 문제가 여가위에서 충분히 논의가 되지 못한 것을 좀 유감스럽게 생각합니다. 아마 송희경 위원님도 같은 생각이실 것이고 정춘숙 위원님도 같은 생각이실 것 같은데요."
n_id.393,o_id.188,소위원장 신용현,"저는 기본적으로 여기서 어떤 특별 재단을 만드는 것 자체는 의미가 있다고 생각합니다. 여기서 만든다고 꼭 여가부 산하가 되는 건 아니고, 이게 등록을 어디에 하느냐가 중요한 게 아니고. 아마 이게 되면 외교부도 같이 동참해 줘야 될 것 같고, 김현아 위원님 말씀주신 것처럼 총리실 같은 데가 더 깊숙하게 관여해야 될 수도 있을 것 같아요. "
n_id.394,o_id.188,소위원장 신용현,"그런데 우리가 일본군위안부 문제뿐 아니라 여성 인권 문제 그다음에 전시 성폭력 문제 이런 것에 대해서 관심들을 굉장히 많이 갖고 있고 이런 활동을 세계적으로 앞서서 하고 있음에도 불구하고 어떤...... 이런 근간이라고 그러나요? 이게 너무 자발적인 단체활동에만 의존했기 때문에 일본이라든가 다른 나라가 뒤늦게 시작을 하는 것에 대해서 제대로 대처도 못 하고 이런 것들이 있어서 저는 그냥 좀 만족스럽지는 않지만 일단 법은 만들어 주고 그다음에 예산을 따든 못 따든 하는 것은 여가부의 역량을 봐야 되겠지요. 아니면 국무총리실이나 다른 분들의 관심을 많이 이끌어 내야 되는 건 있지만 일단 집을 지을 수 있는 바탕, 그 법안을 만들어 주는 것은 저는 개인적으로는 찬성을 하는 입장입니다."
n_id.395,o_id.188,소위원장 신용현,"또 제가 사실은 20대 국회 돼서 여성사박물관을 꼭 하고 싶었는데 그것도 예산 문제 때문에 못 했는데, 그런 것처럼 여성을 너무 앞세우는 것도 그렇지만 우리 역사에서 여성에 관한 문제가 너무 잊혀지거나 묻혀지거나 하는 것은 좀 바람직하지 않다는 생각이 들어서 저는 개인적으로는 특수법인 설립하는 것까지는 그냥 해 줘도 되지 않을까, 아직 부족한 것은 많이 있습니다만 그런 의견을 드립니다."
n_id.396,o_id.189,송희경 위원,"제가 처음에 그걸 여성가족부에 여쭤본 이유는 이런 거예요. 그 재단을 만들고 하는 것에 대해 본질적으로는 대부분 다 동의하실 겁니다. 국민들 개개인에게 다 물어봐도 동의할 텐데, 뒤에 보면 우리가 곧 검토할 생활안정지원이라든가 기념사업이라든가 이런 부분에 대해서 우리가 맨날 예산 논의하면 충분히, 그 부분에 대해서 예산은 아직도 부족하다고 느낄 정도로 더 해야 된다고 생각하는 겁니다."
n_id.397,o_id.189,송희경 위원,"저는 이 재단 설립을 조금 더 규모 있게 만들 수 있도록 그걸 만들어야 된다고 생각하는 것이지요. 지금 20대는 생채기가 너무 많이 났기 때문에 이런 부분들을 좀 더 크게 하고, 아까 김현아 위원님이 의미 있는 말씀하셨는데 격상이라는 것을 새로운 국회에서 좀 해 주시는 것도 맞지 않겠나 하는 생각입니다. 제 생각입니다. 그러니까 그 부분에 대해서 새 술은 새 부대에 담아야 된다고 그렇게......"
n_id.398,o_id.189,송희경 위원,"다행히 정춘숙 위원님이 또 재선되셨기 때문에, 이 법안을 없앨 사람도 없고요. 21대 국회에서 조금 더 크게 하시는 게 오히려 우리가 진짜 숙제 그냥 막 털어내기식으로 하는 것보다는 낫지 않을까 하는 생각이 있어서 아까도 우리 여성가족부에 물어보고 한 것입니다. 다른 위원님들 의견이 어떠신지는 모르겠습니다."
n_id.399,o_id.190,소위원장 신용현,숙제 털어내기로 보일 수도 있지만 20대에서 너무 아무것도 안 한 것처럼 보일 수도 있을 것 같아서......
n_id.400,o_id.191,송희경 위원,저희가 법안 제일 많이 했어요.
n_id.401,o_id.192,소위원장 신용현,"아니아니, 이 위안부 문제에 관해서."
n_id.402,o_id.192,소위원장 신용현,"그런 걱정이 있어서 그랬는데 의견을 그냥 모으시지요, 너무 오래하는 것보다는. "
n_id.403,o_id.192,소위원장 신용현,정춘숙 위원님 어떻게 생각......
n_id.404,o_id.193,정춘숙 위원,"저는 이미 입장을 발표해서, 다른 위원님들이 의견 얘기해 주세요."
n_id.405,o_id.194,소위원장 신용현,했으면 좋겠다는 말씀이시지요?
n_id.406,o_id.195,송희경 위원,지금 기재부가 신중 검토도 냈기 때문에 제가 더 말씀드리기가......
n_id.407,o_id.196,표창원 위원,"사실 저도 개인적으로는 송희경 위원님, 김현아 위원님 말씀에 동의하고요. 특히 20대 국회를 돌아보면 여성가족위원회는 그나마 정쟁의 영향을 상당히 덜 받기는 덜 받았지만 그럼에도 불구하고 여전히, 국회 전체가 제 작동 못한 것 이런 큰 틀의 영향은 분명히 받았습니다."
n_id.408,o_id.196,표창원 위원,"그리고 지금 우리 대한민국이 여러 가지 면에서 많은 성과를 내고 있기는 하지만 우리 아픈 역사 속에서 여성 인권의 참담한 그런 피해 사례가 꽤 많지 않습니까? 일본군위안부 문제도 그렇고요, 이후의 전쟁도 그렇고 5·18 광주 민주항쟁 당시도 그렇고."
n_id.409,o_id.196,표창원 위원,"사회 격변이 있을 때마다 사실 여성에 대한 권력적이거나 혹은 무력적이거나 인권 침탈 사례가 꽤 많습니다. 그래서 이 부분을, 우리가 오히려 전 세계에서 여성 인권을 좀 더 부각시키고 앞세우고 더 노력하는, 선도적 노력을 하는 국가가 될 수 있는 그런 계기라고도 생각을 하거든요. 그런데 그러한 일을 하기에는 지금 남은 시간이 너무 없고요."
n_id.410,o_id.196,표창원 위원,그리고 지금 정부 부처 내에서도 의견 일치가 안 된 상태에서 이 법안이 과연 통과의 의미가 있을까라는 생각이 많이 듭니다. 
n_id.411,o_id.196,표창원 위원,"그리고 다 아시겠지만 그동안 오랫동안 위안부, 성노예지요. 일본군 성노예 피해자 분들을 위해서 노력하셨던 윤미향 당선자께서 또 21대에 활동하시니까 여러 위원님들과 함께 21대 여가위가 꼭 달성할 숙제로 남겨 두는 게 좋지 않을까라는 생각이 듭니다, 개인적으로."
n_id.412,o_id.197,신경민 위원,저도 한 말씀......
n_id.413,o_id.197,신경민 위원,이게 지금 화해·치유재단의 우리 기억이 있기 때문에 계속해서 반대하시는 정당과 의원들이 있었던 것 같아요. 그런데 지금 남아 있는 분들이 이십여 분 정도밖에 되지 않는 상황에서 지원 문제가 중요한 게 아니고 곧 이분들이 한 분도 존재하지 않는 상황이 지금 눈앞에 보이거든요. 그래서 그것을 상정하고 우리가 준비를 해야 된다라는 차원에서 저도 꾸준히 얘기했는데...... 사실 중요한 일들이 굉장히 많습니다. 국내외 연구도 필요하고 국내외 교류도 필요하고 국내외 교육도 필요하고 또 홍보도 필요하고 그래서 이런 다각적인 책무를 하는 데는 사실 지금 현재 있는 것 가지고는 도저히 감당이 안 돼서 아마 재단이라는 것을 이렇게 내놓은 걸로 알고 있고요.
n_id.414,o_id.197,신경민 위원,현재 이 일을 하겠다고 하는 기구들이 굉장히 많습니다. 여성인권진흥 연구원도 있고 한중연도 있고 국사편찬위원회도 있고 동북아위원회도 있고 이래서 4개 기관이 서로 하겠다고 그러는데 4개 기관이 이 책무를 감당하는 것은 불가능합니다.
n_id.415,o_id.197,신경민 위원,"결과적으로는 지금 새로운 기구가 필요하고 조직이 필요한 상황이고, 남은 생존자들의 여명이 별로 남지 않은 걸 생각하면 이게 지금 급하거든요. 그래서 현재 상황에서, 20대 국회가 마무리되는 시점에서 이 법을 내는 것이, 만약에 법을 통과시키는 것이 촉박하고 어렵다고 그런다면 사실 이 문제에 대한 필요성과 인식에 대해서 뭔가 정리는 하나 하고 20대를 마치는 게 맞습니다. 그래서 제가 금방 말씀드린 여러 가지 측면의 문제를 정리하는 것이 저는 이 단계에서는 필요하다고 보고요."
n_id.416,o_id.197,신경민 위원,"일본과의 과거사 문제가 굉장히 많이 있습니다마는 일본군위안부 피해자 문제 하나는 세계적으로 지금 문제가 어떻게 보면 업그레이드돼 있다고 볼 수 있기 때문에 뭔가 하나의 정리를 20대 때, 법안이 만약에 안 된다면 앞으로의 임무, 현재 상황 그리고 어떤 시스템이 필요한가 정도 하나는 정리를 하고 넘어간다는 차원에서 상의를 하셔 가지고 뭔가 마무리는 하나 짓고 21대 법안은 어떤 방향으로 가는 게 좋겠다 하는 것을 개념 설정을 해 두면 어떤가 하는 생각이 있습니다. "
n_id.417,o_id.197,신경민 위원,이상입니다.
n_id.418,o_id.198,소위원장 신용현,그 정리를 어떤 식으로 하면 좋을까요? 의견까지 주시면 좋을 것 같습니다.
n_id.419,o_id.199,신경민 위원,"문안을 하나 만들어 주는 것도 괜찮을 것 같고요, 짤막하게."
n_id.420,o_id.200,송희경 위원,위원님 말씀하신 n번방도 그때 저희가 끝나고 공동 회견문 같은 것을 냈었어요. 그런 식의 활동도 포함시킬 수 있지 않나 하는 거고.
n_id.421,o_id.200,송희경 위원,다른 위원님들도 말씀을 좀 하시지요.
n_id.422,o_id.201,소위원장 신용현,"그러면 제가 좀 정리를 하면, 앞의 3쪽에 있는 생활안정지원 항목에 대해서는 수정안대로 협의를 해 주시는 것으로 알고, 일본군위안부 조사·연구를 위한 특수법인 설립에 관한 것은 지금 이 법안에서는 여러 위원님들이 이런 기관의 필요성은 인정하지만 현 체제로 하기보다는 조금 더 격상되고......"
n_id.423,o_id.202,신경민 위원,"21대가 반드시 어느 방향으로 해야 된다는 것은 하나 좀, 우리 의견을 담아 주셨으면 하는 거지요."
n_id.424,o_id.203,소위원장 신용현,"예, 그래서 특수법인이나 어떤 형태가 필요하다는 것은 인정하지만 조금 더 격을 높이고 그다음에 더 잘할 수 있는 방식을 만들어서 21대에서는 꼭 되기를 원한다 하는 것을 저희가 나중에 여가위 위원들 이름으로 한번 성명서를 내든지 아니면 결의문을 내든...... 결의문은 아마 내기가 어려울 것 같고, 성명서 같은 것을 만들 수 있으면 한번 만드는 것으로 하고요."
n_id.425,o_id.203,소위원장 신용현,그럼 특수법인 설립에 대한 것은 이번에는 더 논의하는 것으로 그렇게 넘어가도록 하겠습니다.
n_id.426,o_id.203,소위원장 신용현,그다음에 아까 20항에 대해서도 설명을 해 주십시오.
n_id.427,o_id.204,수석전문위원 차인순,"20번 아직 말씀을 안 드렸는데요, 심사자료 20번 1쪽입니다."
n_id.428,o_id.204,수석전문위원 차인순,"이미 법안소위를 두 번 거치셨고요, 정보통신망법과 형법에 규정되어 있는 명예훼손에 대한 처벌 규정과 별도로 형사처벌을 규정할 실익이 있는지에 대해서 추가적으로 심도 있는 논의가 필요하다는 견해를 주셨습니다."
n_id.429,o_id.204,수석전문위원 차인순,"검토보고는 지난번과 동일한 부분이 있고, 조금 더 추가로 드린다면 개정안의 취지는 공감하나 법정형이 현행법과 크게 차이가 나지 않고 현행법에서는 10년 이하의 자격정지 규정도 있다는 점을 감안해서 논의가 필요한 걸로 보입니다."
n_id.430,o_id.204,수석전문위원 차인순,이상입니다.
n_id.431,o_id.205,소위원장 신용현,정부 측 의견 주십시오.
n_id.432,o_id.206,여성가족부차관 김희경,피해자들의 명예를 회복하고 올바른 역사 인식을 제고하고자 하는 개정 취지에 공감합니다. 다만 피해자 명예훼손의 다양한 표현을 포괄하기 위해서 지금 자료에 보시는 것과 같은 수정안을 드립니다.
n_id.433,o_id.207,소위원장 신용현,그러면 이게 전문위원께서는 사실은 지금 일반 명예훼손 이런 것들이 있기 때문에 굳이 개정할 필요가 없다는 의견이신 거지요?
n_id.434,o_id.208,수석전문위원 차인순,"예, 그렇습니다."
n_id.435,o_id.209,소위원장 신용현,그리고 여가부는 수정안을 주신 거고요?
n_id.436,o_id.210,여성가족부차관 김희경,예.
n_id.437,o_id.211,소위원장 신용현,위원님들 말씀해 주시지요.
n_id.438,o_id.212,송희경 위원,이것은 허위사실이 범위가 더 넓지 않아요? 너무 넓지 않아요?
n_id.439,o_id.212,송희경 위원,그러니까 지금 수석님은 이 개정이 필요 없다고 검토의견 하신 거고......
n_id.440,o_id.213,수석전문위원 차인순,"예, 신중 검토의견입니다."
n_id.441,o_id.214,송희경 위원,"예, 신중 검토이고."
n_id.442,o_id.214,송희경 위원,그런데 제가 여성가족부 수정안을 보니까 굉장히 자세하게 개정 해 놓은 것을 다시 허위사실로 적시를 함으로 인해 가지고 이게 너무 굉장히 광범위하게 될 것 같아요. 그것은 수석전문위원의 검토의견에 저는 동의하겠습니다.
n_id.443,o_id.215,소위원장 신용현,위원님들 어떻게 생각하십니까?
n_id.444,o_id.215,소위원장 신용현,그러면 이것은 전문위원님 의견에 동의하는 것은 그냥 유보를 하는 것으로 하면 어떻겠습니까?
n_id.445,o_id.216,수석전문위원 차인순,"예, 계류......"
n_id.446,o_id.217,소위원장 신용현,다른 의견 없으십니까?
n_id.447,o_id.217,소위원장 신용현,그러면 17항부터 19항까지는 우리가 협의한 내용은 법안을 통과시키는 것이고 20항은 유보하는 것으로 정리하면 되겠습니까?
n_id.448,o_id.217,소위원장 신용현,"그러면 의사일정 제17항부터 19항까지 일제하 일본군위안부 피해자에 대한 보호·지원 및 기념사업 등에 관한 법률, 3건의 법률안은 본회에 부의하지 아니하고 위원회 대안으로 의결하고자 하는데 이의 없으십니까?"
n_id.449,o_id.217,소위원장 신용현,이의가 없으므로 가결되었음을 선포합니다.
n_id.450,o_id.217,소위원장 신용현,생각보다 굉장히......
n_id.451,o_id.218,김현아 위원,그러면 17·18·19항에서는 저희가 의결한 게 어떤 내용이지요?
n_id.452,o_id.219,소위원장 신용현,그 앞에 있었던......
n_id.453,o_id.220,김현아 위원,4조?
n_id.454,o_id.221,소위원장 신용현,"예, 4조."
n_id.455,o_id.222,김현아 위원,"4조, 생활안정지원자에 대한 지원 내용."
n_id.456,o_id.223,소위원장 신용현,예.
n_id.457,o_id.224,수석전문위원 차인순,그리고 안 10조(실태조사) 그것은 다 동의가 있으셨습니다.
n_id.458,o_id.225,김현아 위원,거기까지인 건가요?
n_id.459,o_id.226,소위원장 신용현,"예, 거기까지지요."
n_id.460,o_id.227,김현아 위원,알겠습니다.
n_id.461,o_id.228,신경민 위원,이것 하여튼 정리하고 전망하는 것......
n_id.462,o_id.229,소위원장 신용현,그리고 의사일정 제20항은 보다 심도 있는 심사를 위해 법안소위에 계속 계류하도록 하겠습니다.
n_id.463,o_id.229,소위원장 신용현,오늘 의결한 법률안에 대한 문안 작성 및 자구 정리는 소위원장에게 위임하여 주시기 바랍니다. 
n_id.464,o_id.229,소위원장 신용현,심도 있는 법안 심사를 위하여 힘써 주신 위원님들께 소위원장으로서 진심으로 감사의 말씀을 드립니다.
n_id.465,o_id.229,소위원장 신용현,"그리고 여성가족부차관, 수석전문위원님을 비롯한 관계 직원, 보좌진 여러분 모두 수고하셨습니다."
n_id.466,o_id.229,소위원장 신용현,오늘 회의는 이상으로 마치......
n_id.467,o_id.230,송희경 위원,"위원장님, 잠깐만요."
n_id.468,o_id.230,송희경 위원,"저도 이것 깜빡했는데, 아까 신경민 위원님이 말씀 주셨던 21대로 가는 것에 대한 어떤 방향 정리, 그런 것에 대한 의견서 같은 것을, 이따가 3시에 우리가 전체회의를 하잖아요. 그때 의견서 같은 것을 해서 채택해 주는 것이 더 확실하지 않을까요?"
n_id.469,o_id.231,신경민 위원,"예, 그때 뭘 하나 만들어 주시면 어떨까 싶어요."
n_id.470,o_id.232,소위원장 신용현,"그게 제 생각에 두 가지 방법이 있는 것 같아요. 우리 법안소위에서 얘기된 것만 가지고 얘기를 하는 방법이 있고, 아니면 법안소위 위원 아닌 여가위 전체가......"
n_id.471,o_id.233,신경민 위원,"아니, 그러니까 우리가 그 초안을, 오늘 여러 분이 얘기한 것을 만들어서 주고......"
n_id.472,o_id.234,소위원장 신용현,"예, 그런 것을 포함해서......"
n_id.473,o_id.235,신경민 위원,"그것을 전체 상임위에서 여기다가 추가할 것 있냐 해 가지고 그것을 하면 빠르면 오늘 아니면 내일이라도 바로 뭐가 하나 나올 수 있지요, 이번 주 안에는."
n_id.474,o_id.236,소위원장 신용현,"예, 그래서 그냥 제 생각은, 이것 회의 끝나고 말씀드리려고 했는데 법안소위에서 뿐만 아니라 20대 우리 여가위 전체에서 21대에 원하는 바들, 오늘 위안부 문제뿐만 아니라 여러 가지들이 더 있을 것 같아서 그런 것들을 조금 정리해서 오늘 초안을......"
n_id.475,o_id.236,소위원장 신용현,"시간이 될까요, 3시까지?"
n_id.476,o_id.237,수석전문위원 차인순,"예, 한 페이지로 해 보겠습니다."
n_id.477,o_id.238,신경민 위원,거창하게 할 것 없고 오늘 것 만들어 가지고 이따가 3시에 보고하고 추가할 것 있으면 더 추가해서 바로......
n_id.478,o_id.239,수석전문위원 차인순,그러면 결의 형식으로 하시는 게 좋겠습니다.
n_id.479,o_id.240,송희경 위원,의견서 정도......
n_id.480,o_id.241,수석전문위원 차인순,의견서는 어디에 제출을 하는 건데......
n_id.481,o_id.242,송희경 위원,의견서를 제출하면 채택이 되면 되는 거고......
n_id.482,o_id.243,수석전문위원 차인순,의견서는 어디에 제출을 해야 되는 건데 저희가 대상이 없기 때문에 이것은 여가위 위원님들의 결의문 형식으로 하시면 어떨까요?
n_id.483,o_id.244,송희경 위원,결의까지 하기에는 좀 그런데......
n_id.484,o_id.245,송옥주 위원,성명이 더 나은 것 같아요.
n_id.485,o_id.246,신경민 위원,성명이 더 나은 것 아닌가?
n_id.486,o_id.247,소위원장 신용현,한번 위원장님하고 의논을 해 봐 주시지요.
n_id.487,o_id.248,수석전문위원 차인순,그러면 형식을 조금 더 의논해 보겠습니다.
n_id.488,o_id.249,신경민 위원,이름은 적당한 것을 정해 주시지요.
n_id.489,o_id.250,수석전문위원 차인순,"예, 알겠습니다."
n_id.490,o_id.251,소위원장 신용현,혹시 또 다른 말씀 하실 분 계신가요?
n_id.491,o_id.252,신보라 위원,"아니, 그런데 그 재단과 관련해서 좀 격상이 된 어떤 재단이 필요하다는 측면에서는 동의가 되는 부분이 있지만 저는 그것을 여성가족부 산하로 만드는 것에 대해서는 의견이 있기 때문에......"
n_id.492,o_id.253,소위원장 신용현,"아니요, 그건 아니지요. 그것을 그런 건 하지......"
n_id.493,o_id.254,신보라 위원,"그렇기 때문에 그것을 여성가족위원회의 어떤 결의로, 재단이 필요하다는 게 여성가족위원회에서 여성가족부를 상대로 한 의견이기 때문에 저는 그게 합당하지가 않을 것 같아요."
n_id.494,o_id.255,송희경 위원,그러니까 결의나 아니면 이런 의견이 있었다라는 것을 표현하는 정도로......
n_id.495,o_id.256,신경민 위원,"그것은 여성가족부하고는 상관없는 얘기예요, 여성가족위원회 차원이니까."
n_id.496,o_id.257,표창원 위원,"여성가족부를 상대로 하는 게 아니고요. 우리가 이게 필요하다, 그러니까 또 격상을 포함한 거지요."
n_id.497,o_id.258,수석전문위원 차인순,"아니면 부대의견이라는 형식도 있습니다, 약화시킨다면."
n_id.498,o_id.259,송희경 위원,"맞아요, 부대의견 정도로 기록에 남기는 걸로 해야 될......"
n_id.499,o_id.260,신보라 위원,그러니까요. 저는 상임위 부대의견으로 기록에 남기는 게 현명할 것 같은 생각이 듭니다.
n_id.500,o_id.261,소위원장 신용현,그렇게 하시겠습니까?
n_id.501,o_id.261,소위원장 신용현,그러면 부대의견으로 기록에 남기는 게 나을까요? 2개 중에......
n_id.502,o_id.262,신경민 위원,"아니, 그걸 좀 상의해 보시지요."
n_id.503,o_id.263,소위원장 신용현,위원장님하고 상의를 하셔서......
n_id.504,o_id.264,수석전문위원 차인순,"예, 형식은 조금 더 논의해서 의논드리겠습니다."
n_id.505,o_id.265,소위원장 신용현,알겠습니다.
n_id.506,o_id.265,소위원장 신용현,그러면 오늘 회의는 이상으로 마치겠습니다.
n_id.507,o_id.265,소위원장 신용현,산회를 선포합니다.
